1605657600000,1.0804,1.3368,1.05666,1.31765,8196768.0
1605744000000,1.31908,1.46,1.2322,1.33842,12989739.0
1605830400000,1.33796,1.51169,1.31737,1.41262,6564844.0
1605916800000,1.41294,1.44,1.28372,1.32194,6494636.0
1606003200000,1.32363,1.36373,1.0864,1.18047,7046905.0
1606089600000,1.1817,1.28,1.1432,1.20292,6123110.0
1606176000000,1.20347,1.27803,1.13,1.14506,6141010.0
1606262400000,1.14785,1.2504,1.02602,1.09446,6736691.0
1606348800000,1.09532,1.11408,0.77891,0.90084,9494938.0
1606435200000,0.90159,0.93857,0.8391,0.88572,4996203.0
1606521600000,0.88597,0.9413,0.86387,0.90481,4781543.0
1606608000000,0.905,0.94,0.88041,0.92044,4539514.0
1606694400000,0.92118,1.0657,0.91721,1.04019,7681200.0
1606780800000,1.04031,1.1577,0.95788,1.04995,11128323.0
1606867200000,1.05133,1.19681,1.02896,1.17665,6790473.0
1606953600000,1.17449,1.18622,1.11808,1.13468,5366606.0
1607040000000,1.13377,1.22804,1.02,1.02653,7460731.0
1607126400000,1.02617,1.08781,1.0118,1.07286,4314302.0
1607212800000,1.07271,1.2165,1.04374,1.20272,11297199.0
1607299200000,1.20305,1.28618,1.17,1.21316,13760662.0
1607385600000,1.21264,1.46914,1.17156,1.36608,20171725.0
1607472000000,1.36429,1.55752,1.34685,1.40231,29315487.0
1607558400000,1.40366,1.41523,1.26,1.3044,13515791.0
1607644800000,1.30488,1.30935,1.11501,1.15405,14610066.0
1607731200000,1.15442,1.22127,1.09319,1.12605,8830371.0
1607817600000,1.12587,1.20132,1.08397,1.1707,8479993.0
1607904000000,1.16993,1.17164,1.09336,1.11426,7972158.0
1607990400000,1.11506,1.16577,1.09212,1.1132,7212262.0
1608076800000,1.11367,1.17039,1.03987,1.1375,11129279.0
1608163200000,1.13749,1.2751,1.09265,1.18937,14239185.0
1608249600000,1.18761,1.32828,1.129,1.2806,11553248.0
1608336000000,1.2806,1.31,1.19305,1.19723,8406788.0
1608422400000,1.19701,1.19924,1.085,1.09752,8987114.0
1608508800000,1.09682,1.13554,1.01234,1.05281,8930663.0
1608595200000,1.05324,1.09273,0.96266,1.02796,9398155.0
1608681600000,1.02679,1.0812,0.76,0.83488,13104402.0
1608768000000,0.83483,0.89876,0.7681,0.89636,8978766.0
1608854400000,0.89689,0.91968,0.82345,0.84249,6883723.0
1608940800000,0.84248,0.86998,0.80354,0.83181,6700941.0
1609027200000,0.83282,0.88,0.7901,0.83096,8846189.0
1609113600000,0.83271,0.94,0.82451,0.89701,7751482.0
1609200000000,0.89668,0.90866,0.81429,0.83964,5733100.0
1609286400000,0.8401,0.88368,0.82583,0.88006,5882397.0
1609372800000,0.8808,0.88559,0.83874,0.86459,5201111.0
1609459200000,0.86532,0.93657,0.85394,0.90224,6793370.0
1609545600000,0.902,0.9033,0.81685,0.84049,5403727.0
1609632000000,0.84065,0.9064,0.80702,0.89999,7547173.0
1609718400000,0.89998,0.98992,0.82,0.87326,9938218.0
1609804800000,0.87415,0.98208,0.83378,0.93628,11548510.0
1609891200000,0.93673,1.042,0.9115,0.98384,11249036.0
1609977600000,0.98538,1.09752,0.93939,0.95266,12642206.0
1610064000000,0.9515,1.09417,0.85172,1.02059,16362140.0
1610150400000,1.02031,1.14876,1.00891,1.10172,12156471.0
1610236800000,1.10196,1.18337,0.95914,1.03637,12774806.0
1610323200000,1.03659,1.03875,0.80101,0.90461,11567317.0
1610409600000,0.90462,0.94039,0.83799,0.86535,6711616.0
1610496000000,0.86545,0.9682,0.83707,0.9584,8456618.0
1610582400000,0.95867,1.00935,0.93715,0.98889,6182425.0
1610668800000,0.99003,1.06934,0.92567,1.00322,8623117.0
1610755200000,1.00185,1.1615,1.00183,1.12303,9339028.0
1610841600000,1.12328,1.36593,1.07098,1.32287,12825967.0
1610928000000,1.32285,1.57131,1.30021,1.41317,16134324.0
1611014400000,1.414,1.42645,1.24587,1.24662,7818879.0
1611100800000,1.24791,1.36,1.19719,1.35313,8815772.0
1611187200000,1.35422,1.65,1.26672,1.44632,34510515.0
1611273600000,1.44428,1.77288,1.3,1.7053,20520957.0
1611360000000,1.70358,1.8566,1.63103,1.68831,13688598.0
1611446400000,1.68832,1.75191,1.57647,1.657,10839955.0
1611532800000,1.65711,1.74606,1.52,1.53249,9088772.0
1611619200000,1.53234,1.60447,1.37522,1.55134,10950188.0
1611705600000,1.54968,1.55453,1.30652,1.33398,8397200.0
1611792000000,1.33262,1.81007,1.31,1.54882,20463847.0
1611878400000,1.54768,1.59352,1.42006,1.48238,8751188.0
1611964800000,1.48102,1.68827,1.40369,1.56638,10774474.0
1612051200000,1.56546,1.81724,1.5403,1.62655,11794051.0
1612137600000,1.62631,2.232,1.55136,2.14771,17343486.0
1612224000000,2.14772,2.46366,1.98226,2.25632,23167202.0
1612310400000,2.25559,2.325,2.13368,2.16397,8194325.0
1612396800000,2.16443,2.26297,1.99791,2.1826,8293308.0
1612483200000,2.18414,2.42605,2.13882,2.30424,11212614.0
1612569600000,2.30596,2.51573,2.02852,2.11385,11629289.0
1612656000000,2.1181,2.34055,1.9208,2.29365,13894367.0
1612742400000,2.29518,2.71959,2.26668,2.46783,16618712.0
1612828800000,2.46666,3.00429,2.39404,2.97529,11245844.0
1612915200000,2.97854,3.03575,2.41147,2.7656,11189726.0
1613001600000,2.76548,3.44999,2.6762,3.19592,13278979.0
1613088000000,3.19581,3.60998,3.06976,3.48967,9485502.0
1613174400000,3.48973,3.74453,3.00127,3.35082,13105987.0
1613260800000,3.35191,3.39351,2.84309,2.87421,9104677.0
1613347200000,2.87421,2.95216,2.22541,2.58732,17956595.0
1613433600000,2.5924,3.21289,2.45916,3.09734,16152979.0
1613520000000,3.09988,3.32441,2.77614,3.15116,12102916.0
1613606400000,3.15128,3.43738,3.01061,3.29377,9533889.0
1613692800000,3.29685,3.66943,3.17,3.33466,9339566.0
1613779200000,3.33896,3.515,2.75597,2.98876,10247365.0
1613865600000,2.98481,3.17,2.86585,2.94548,8104618.0
1613952000000,2.9468,2.97016,1.9955,2.55394,12674328.0
1614038400000,2.56291,2.5775,1.52111,1.98148,20398212.0
1614124800000,1.98098,2.274,1.83607,2.21722,12026874.0
1614211200000,2.21519,2.39242,1.95001,1.95466,7989773.0
1614297600000,1.95495,2.08713,1.76458,1.90964,8038673.0
1614384000000,1.91455,2.22879,1.90807,2.03492,10679696.0
1614470400000,2.0322,2.06608,1.75604,1.9284,8421374.0
1614556800000,1.9276,2.1839,1.91206,2.14864,6340272.0
1614643200000,2.14892,2.27732,1.98337,2.07069,7935237.0
1614729600000,2.0713,2.38828,2.04371,2.25344,7838660.0
1614816000000,2.25588,2.44902,2.14268,2.18574,8345810.0
1614902400000,2.18574,2.55709,2.03791,2.45393,14632633.0
1614988800000,2.45496,2.984,2.45093,2.87243,33846678.0
1615075200000,2.87017,3.03399,2.64213,2.74046,12856573.0
1615161600000,2.74327,2.78391,2.59069,2.66141,7929539.0
1615248000000,2.66327,3.15895,2.64142,3.10848,13764648.0
1615334400000,3.10857,3.11872,2.69428,2.73821,9773424.0
1615420800000,2.74271,2.81979,2.6254,2.73022,8870870.0
1615507200000,2.73243,2.877,2.44741,2.51987,10714183.0
1615593600000,2.52061,3.1,2.407,2.97794,16610263.0
1615680000000,2.98006,3.8439,2.83876,3.42848,34567838.0
1615766400000,3.43194,3.63626,2.94374,3.27772,23388386.0
1615852800000,3.27677,4.14611,3.1,3.89178,17281726.0
1615939200000,3.89384,3.98461,3.4703,3.78066,11840253.0
1616025600000,3.78026,4.317,3.73401,3.97071,10917790.0
1616112000000,3.9698,4.14573,3.7,3.715,7792038.0
1616198400000,3.71452,3.96475,3.42614,3.4463,8257797.0
1616284800000,3.44512,3.56499,3.29159,3.47842,7724205.0
1616371200000,3.48104,3.87244,3.29235,3.39069,14752955.0
1616457600000,3.38857,3.49928,3.0935,3.10429,10548700.0
1616544000000,3.10429,3.30489,2.59329,2.76161,10832070.0
1616630400000,2.76233,3.00852,2.57238,2.67008,12904716.0
1616716800000,2.67221,3.11149,2.66768,3.01929,11518434.0
1616803200000,3.02084,3.53973,2.96574,3.42592,13842390.0
1616889600000,3.4266,3.69,3.3034,3.40008,12096117.0
1616976000000,3.40111,3.92834,3.34779,3.86969,11213366.0
1617062400000,3.86855,4.43998,3.77254,4.29301,20124706.0
1617148800000,4.29521,4.99554,3.93078,4.8218,20752184.0
1617235200000,4.81832,5.12485,4.49,4.86385,13464055.0
1617321600000,4.86801,5.275,4.54418,4.6705,11372306.0
1617408000000,4.67169,5.45309,4.45303,4.99091,22756018.0
1617494400000,4.9914,5.61066,4.90306,5.10665,14522488.0
1617580800000,5.11232,5.18505,4.69759,4.7712,10204881.0
1617667200000,4.77263,5.23822,4.67562,5.10164,12693387.0
1617753600000,5.10569,5.86197,4.7,5.49842,22604420.0
1617840000000,5.49915,5.67799,5.21191,5.40391,11244894.0
1617926400000,5.40462,5.44484,5.06055,5.13787,8354279.0
1618012800000,5.1433,5.4989,4.86389,4.96946,12304434.0
1618099200000,4.97329,5.16098,4.81864,5.12267,9368683.0
1618185600000,5.12132,5.4,4.83356,4.91733,11291669.0
1618272000000,4.91998,4.9927,4.57837,4.65572,9289104.0
1618358400000,4.65572,4.89485,4.24843,4.54863,11835808.0
1618444800000,4.55108,4.76376,4.47504,4.58467,7479382.0
1618531200000,4.58875,4.62999,4.24795,4.53049,9060055.0
1618617600000,4.5316,5.01535,4.52585,4.72455,11395573.0
1618704000000,4.72516,4.78489,3.06386,4.01993,17556644.0
1618790400000,4.02162,4.26595,3.68491,3.89433,17522428.0
1618876800000,3.89386,3.97852,3.45159,3.91584,11818192.0
1618963200000,3.91274,4.24,3.6535,3.92393,12844215.0
1619049600000,3.92537,4.55649,3.73568,3.89426,19411017.0
1619136000000,3.89381,3.98897,2.9765,3.43675,20237848.0
1619222400000,3.43587,3.44865,2.95604,2.98797,11612541.0
1619308800000,2.98516,3.34051,2.828,3.03643,13069018.0
1619395200000,3.03742,3.75,2.99744,3.6837,14899426.0
1619481600000,3.68077,3.99402,3.60135,3.87736,13490986.0
1619568000000,3.87517,3.94051,3.46487,3.68771,11536660.0
1619654400000,3.68994,4.08712,3.54155,3.83538,11605939.0
1619740800000,3.83538,4.25,3.76797,4.0722,10150292.0
1619827200000,4.0727,4.1743,3.9141,4.1528,7178681.0
1619913600000,4.1503,4.5473,3.7779,4.3234,14495815.0
1620000000000,4.3235,4.5594,4.1535,4.2781,7664342.0
1620086400000,4.2817,4.4435,3.745,3.8958,15571704.0
1620172800000,3.8903,4.2818,3.8428,4.1955,9594848.0
1620259200000,4.1947,4.706,4.04,4.3875,14112619.0
1620345600000,4.3887,4.5439,4.1017,4.263,9185770.0
1620432000000,4.2646,4.4036,4.0327,4.0913,7014484.0
1620518400000,4.0933,4.1247,3.82,3.9872,6539225.0
1620604800000,3.9877,4.0834,3.2,3.5166,10302037.0
1620691200000,3.5192,4.0966,3.396,3.9253,15260577.0
1620777600000,3.9261,4.0399,3.0771,3.1949,9269007.0
1620864000000,3.1949,3.4197,2.891,3.1695,12019709.0
1620950400000,3.1703,3.5509,3.073,3.3536,13590507.0
1621036800000,3.3534,3.4283,3.0154,3.0408,8662735.0
1621123200000,3.0408,3.2947,2.7864,2.9883,8434550.0
1621209600000,2.9874,3.0254,2.6048,2.742,9692741.0
1621296000000,2.746,2.978,2.6607,2.7204,9041874.0
1621382400000,2.7199,2.7761,0.9113,1.5472,25345465.0
1621468800000,1.5477,1.9455,1.375,1.7766,21760081.0
1621555200000,1.7788,1.8793,1.2355,1.4649,16973374.0
1621641600000,1.4642,1.5605,1.27,1.4432,15709076.0
1621728000000,1.4432,1.529,1.0002,1.2375,19467999.0
1621814400000,1.2375,1.5179,1.1995,1.498,21871374.0
1621900800000,1.4979,1.65,1.3256,1.6425,17736617.0
1621987200000,1.6436,1.9096,1.5955,1.7786,14185118.0
1622073600000,1.7758,2.45,1.576,2.2387,75561920.0
1622160000000,2.2386,2.3579,1.6925,1.7861,58796563.0
1622246400000,1.7865,1.898,1.539,1.6169,24375540.0
1622332800000,1.6173,1.7514,1.4977,1.6554,15852818.0
1622419200000,1.6551,2.185,1.5739,2.1802,50435071.0
1622505600000,2.184,2.2392,1.8302,2.0,43722177.0
1622592000000,2.0007,2.1255,1.9,2.0043,17634965.0
1622678400000,2.0046,2.17,1.98,1.9955,16906080.0
1622764800000,1.9959,2.003,1.7122,1.7643,24535589.0
1622851200000,1.7648,1.9836,1.617,1.6853,29445176.0
1622937600000,1.6848,1.8062,1.6587,1.7851,17127240.0
1623024000000,1.7854,1.8746,1.6073,1.6358,15478317.0
1623110400000,1.6365,1.6709,1.4033,1.5686,18738186.0
1623196800000,1.5689,1.78,1.476,1.7241,33018198.0
1623283200000,1.7243,1.7455,1.5807,1.6336,18107326.0
1623369600000,1.6345,1.816,1.5828,1.6068,23790537.0
1623456000000,1.6055,1.7901,1.4721,1.7292,37324789.0
1623542400000,1.7295,1.7638,1.6315,1.7354,30149255.0
1623628800000,1.7357,1.8803,1.7033,1.7906,27281273.0
1623715200000,1.7903,1.8567,1.7418,1.7832,18358369.0
1623801600000,1.7831,1.7831,1.595,1.6243,15790548.0
1623888000000,1.6238,1.7754,1.614,1.6959,23256371.0
1623974400000,1.6964,1.7043,1.4399,1.5098,24318520.0
1624060800000,1.5102,1.524,1.4249,1.4269,14689397.0
1624147200000,1.4277,1.4551,1.3019,1.4378,15971138.0
1624233600000,1.4378,1.4463,1.025,1.0296,34090035.0
1624320000000,1.0296,1.1402,0.8611,1.0201,32894530.0
1624406400000,1.0201,1.167,0.9678,1.0766,30657294.0
1624492800000,1.0766,1.1739,1.0107,1.1278,28942986.0
1624579200000,1.1279,1.1472,0.9871,0.9992,25309110.0
1624665600000,0.9991,1.0453,0.9309,1.0172,19392515.0
1624752000000,1.017,1.0638,0.9784,1.0618,17043651.0
1624838400000,1.0616,1.1858,1.0373,1.1298,24356503.0
1624924800000,1.1297,1.2339,1.1226,1.1618,25934388.0
1625011200000,1.1618,1.2075,1.1,1.1778,37492026.0
1625097600000,1.1784,1.1814,1.0669,1.09,18929831.0
1625184000000,1.0895,1.1496,1.0427,1.1405,30253956.0
1625270400000,1.1405,1.2056,1.1117,1.1722,25149229.0
1625356800000,1.1723,1.2407,1.1294,1.1862,18521140.0
1625443200000,1.1865,1.1998,1.0813,1.1822,24838202.0
1625529600000,1.1823,1.2868,1.1596,1.2699,25391941.0
1625616000000,1.2694,1.3709,1.241,1.2629,31593538.0
1625702400000,1.2629,1.2686,1.1315,1.1614,18251174.0
1625788800000,1.1618,1.1906,1.1009,1.1709,15584419.0
1625875200000,1.1713,1.2519,1.1429,1.2449,17167989.0
1625961600000,1.2454,1.332,1.1856,1.2461,28748379.0
1626048000000,1.2464,1.3376,1.1817,1.2217,21534101.0
1626134400000,1.2216,1.2587,1.1655,1.2449,16733187.0
1626220800000,1.2449,1.38,1.1419,1.3205,43319038.0
1626307200000,1.3205,1.437,1.2652,1.3136,40631554.0
1626393600000,1.3137,1.543,1.2834,1.3539,64721114.0
1626480000000,1.354,1.75,1.3305,1.6923,123879555.0
1626566400000,1.6925,1.694,1.4748,1.4904,43968400.0
1626652800000,1.4906,1.4944,1.2923,1.3075,34112364.0
1626739200000,1.3083,1.3388,1.1585,1.1898,34367791.0
1626825600000,1.1899,1.3467,1.1586,1.3233,37983717.0
1626912000000,1.3236,1.4858,1.2785,1.4689,27906807.0
1626998400000,1.4688,1.526,1.3624,1.4539,24422305.0
1627084800000,1.4533,1.6994,1.4388,1.5728,34345447.0
1627171200000,1.5732,1.7561,1.5262,1.6418,45583656.0
1627257600000,1.6419,2.0078,1.631,1.6864,56593418.0
1627344000000,1.6864,1.9015,1.6122,1.8166,46194698.0
1627430400000,1.8169,1.8484,1.6642,1.7079,22108222.0
1627516800000,1.7088,1.81,1.6138,1.7347,33926881.0
1627603200000,1.7349,1.7891,1.5874,1.6735,22489374.0
1627689600000,1.6721,1.8269,1.632,1.7492,39719235.0
1627776000000,1.7498,1.8437,1.65,1.6824,34478302.0
1627862400000,1.6819,1.769,1.6533,1.7237,21400840.0
1627948800000,1.7237,1.815,1.65,1.8085,38481888.0
1628035200000,1.8091,1.8799,1.7732,1.8103,29997797.0
1628121600000,1.8102,1.8332,1.7122,1.8156,24637754.0
1628208000000,1.8155,2.0192,1.7778,1.9813,37158505.0
1628294400000,1.9821,2.0374,1.8715,1.9457,26101637.0
1628380800000,1.9454,1.955,1.727,1.831,26990918.0
1628467200000,1.8302,1.9519,1.7547,1.8756,33052549.0
1628553600000,1.875,1.9682,1.8072,1.9194,29520833.0
1628640000000,1.9195,2.0903,1.9106,1.963,28611657.0
1628726400000,1.9629,2.0999,1.8139,1.8945,28695131.0
1628812800000,1.8941,2.0826,1.8644,2.0757,21213276.0
1628899200000,2.0768,2.168,1.968,2.0813,27124962.0
1628985600000,2.0812,2.2,2.0513,2.1712,20210433.0
1629072000000,2.1712,2.3074,2.0959,2.1242,25749819.0
1629158400000,2.124,2.4024,2.0203,2.1231,38155581.0
1629244800000,2.1255,2.24,1.926,2.0285,39156721.0
1629331200000,2.0278,2.2259,1.9804,2.2,32995641.0
1629417600000,2.1999,2.4172,2.1482,2.3877,24625721.0
1629504000000,2.3878,2.5659,2.3213,2.333,23552286.0
1629590400000,2.3321,2.661,2.3236,2.6201,23362209.0
1629676800000,2.62,2.6503,2.471,2.5656,19713069.0
1629763200000,2.5656,2.7888,2.4804,2.5973,40805727.0
1629849600000,2.5964,2.7471,2.4206,2.6746,30274913.0
1629936000000,2.6749,2.7199,2.4343,2.4839,24655851.0
1630022400000,2.4845,2.7124,2.3736,2.6374,26147660.0
1630108800000,2.6376,2.6588,2.52,2.5497,16199881.0
1630195200000,2.5497,2.5694,2.4156,2.4763,14221318.0
1630281600000,2.4769,2.5092,2.299,2.321,15138095.0
1630368000000,2.3219,2.4672,2.2759,2.3468,15672853.0
1630454400000,2.3468,2.54,2.2904,2.5101,16236274.0
1630540800000,2.5102,2.6596,2.4867,2.5256,25624388.0
1630627200000,2.5251,2.6626,2.4512,2.6254,15320309.0
1630713600000,2.6254,2.9116,2.6057,2.7265,24153434.0
1630800000000,2.7267,2.838,2.6817,2.8038,12790996.0
1630886400000,2.8046,2.8416,2.4077,2.6566,14250149.0
1630972800000,2.6572,2.7194,1.6427,1.9843,40508255.0
1631059200000,1.9844,2.0265,1.7429,1.91,28593344.0
1631145600000,1.9102,2.11,1.8635,1.994,27610814.0
1631232000000,1.9945,2.0637,1.7734,1.8454,17027448.0
1631318400000,1.8454,1.9632,1.7948,1.8778,15416345.0
1631404800000,1.8782,2.0159,1.8201,1.9905,16644148.0
1631491200000,1.992,2.1768,1.77,2.0208,37676676.0
1631577600000,2.0208,2.1935,1.9811,2.1015,33860869.0
1631664000000,2.1021,2.2284,2.0709,2.1604,23334210.0
1631750400000,2.1606,2.25,2.0323,2.1838,17719909.0
1631836800000,2.1838,2.2071,1.9427,1.9782,14387830.0
1631923200000,1.9801,2.0622,1.9298,1.9831,11221053.0
1632009600000,1.9831,1.9959,1.8748,1.9191,11057055.0
1632096000000,1.9189,1.9222,1.5509,1.6132,20603994.0
1632182400000,1.6134,1.7307,1.4157,1.4723,23201071.0
1632268800000,1.4731,1.6785,1.4359,1.6366,22497817.0
1632355200000,1.6361,1.7917,1.6036,1.735,25528985.0
1632441600000,1.7347,1.743,1.471,1.5696,40067243.0
1632528000000,1.5699,1.753,1.4879,1.6014,33435318.0
1632614400000,1.6015,1.6102,1.46,1.5617,19428571.0
1632700800000,1.5614,1.691,1.5367,1.5428,19932617.0
1632787200000,1.5434,1.6,1.4914,1.5062,18453979.0
1632873600000,1.5056,1.71,1.496,1.5779,25379580.0
1632960000000,1.5785,1.6617,1.568,1.6598,15331263.0
1633046400000,1.66,1.7979,1.6314,1.7938,15691015.0
1633132800000,1.7941,1.9001,1.7524,1.7952,12908765.0
1633219200000,1.7955,1.9186,1.757,1.9148,10424296.0
1633305600000,1.9146,1.92,1.7603,1.8245,25944134.0
1633392000000,1.8242,1.9327,1.8015,1.8958,13500727.0
1633478400000,1.8975,1.9567,1.7547,1.9086,16803301.0
1633564800000,1.9088,2.0861,1.84,1.9692,25222068.0
1633651200000,1.9702,2.0286,1.9106,1.9232,16070235.0
1633737600000,1.9237,1.9425,1.8749,1.9084,8133802.0
1633824000000,1.9088,1.9557,1.7585,1.785,16810605.0
1633910400000,1.7846,1.8582,1.73,1.7779,9790132.0
1633996800000,1.7773,1.95,1.6402,1.9052,37113131.0
1634083200000,1.9049,2.1943,1.8466,2.1916,66467355.0
1634169600000,2.1916,3.575,2.1751,2.8559,388850078.0
1634256000000,2.8551,2.8696,2.5894,2.6018,91780616.0
1634342400000,2.6018,2.7439,2.51,2.7219,36147029.0
1634428800000,2.7225,2.8753,2.3606,2.4484,31871897.0
1634515200000,2.4477,2.4997,2.3333,2.4242,28395771.0
1634601600000,2.4235,2.6688,2.3244,2.3483,41804617.0
1634688000000,2.3484,2.44,2.304,2.3779,19163388.0
1634774400000,2.3778,2.42,2.1993,2.2245,28456196.0
1634860800000,2.2252,2.3474,2.21,2.2724,22959768.0
1634947200000,2.2725,2.4687,2.2424,2.3742,40301822.0
1635033600000,2.3735,2.427,2.175,2.2522,20931867.0
1635120000000,2.2522,2.3939,2.2355,2.3912,15693557.0
1635206400000,2.3919,2.5995,2.3562,2.487,29121115.0
1635292800000,2.4896,2.59,1.965,2.0481,32747622.0
1635379200000,2.0498,2.24,2.0275,2.1485,27615514.0
1635465600000,2.1473,2.2854,2.1255,2.2854,16615905.0
1635552000000,2.2855,2.4196,2.1618,2.3153,19334711.0
1635638400000,2.3149,2.634,2.25,2.557,40603465.0
1635724800000,2.5577,2.6547,2.37,2.5498,29720467.0
1635811200000,2.5497,2.84,2.4962,2.6975,25801544.0
1635897600000,2.6979,2.963,2.6152,2.7648,35121080.0
1635984000000,2.7654,2.8467,2.6077,2.7146,20886964.0
1636070400000,2.7134,2.8467,2.6207,2.6461,11174543.0
1636156800000,2.6444,2.6679,2.4526,2.533,10340095.0
1636243200000,2.5341,2.68,2.5045,2.6207,13993912.0
1636329600000,2.6206,2.7144,2.5063,2.709,13887706.0
1636416000000,2.7092,2.77,2.5603,2.5777,9480681.0
1636502400000,2.5784,2.6313,2.1077,2.325,16823444.0
1636588800000,2.3241,2.4951,2.2734,2.4506,13300265.0
1636675200000,2.4506,2.4924,2.2931,2.3836,9873978.0
1636761600000,2.384,2.477,2.3429,2.4439,7016275.0
1636848000000,2.4437,2.5418,2.3704,2.4514,11563775.0
1636934400000,2.4512,2.535,2.383,2.406,11045255.0
1637020800000,2.4055,2.4055,1.9448,2.1088,20982048.0
1637107200000,2.1083,2.2004,2.0335,2.1532,12353162.0
1637193600000,2.1533,2.183,1.8384,1.9174,13337679.0
1637280000000,1.9175,2.09,1.8821,2.0446,13762691.0
1637366400000,2.0449,2.2051,2.0083,2.1587,15949621.0
1637452800000,2.1588,2.2462,2.0965,2.1317,11149701.0
1637539200000,2.1326,2.213,2.0472,2.1229,17528127.0
1637625600000,2.1235,2.4523,2.1087,2.3228,34039701.0
1637712000000,2.3228,2.3971,2.1904,2.3508,17064129.0
1637798400000,2.3508,2.5029,2.3358,2.4727,13048580.0
1637884800000,2.4737,2.5576,2.1044,2.1461,18299012.0
1637971200000,2.1461,2.368,2.1293,2.2442,14638998.0
1638057600000,2.245,2.2522,2.0324,2.2002,12062717.0
1638144000000,2.1998,2.3899,2.1431,2.2476,16138481.0
1638230400000,2.2475,2.2944,2.15,2.177,20193989.0
1638316800000,2.1777,2.3846,2.1318,2.1616,18792326.0
1638403200000,2.1624,2.3,2.0503,2.2268,18059086.0
1638489600000,2.227,2.9515,2.2163,2.5002,248074859.0
1638576000000,2.5016,2.566,1.4673,1.9127,96000198.0
1638662400000,1.9127,1.9293,1.6119,1.6735,36016928.0
1638748800000,1.6741,1.6882,1.4322,1.6595,30609762.0
1638835200000,1.6589,1.7363,1.612,1.6594,21532548.0
1638921600000,1.6592,1.8122,1.585,1.7203,31181884.0
1639008000000,1.7204,1.7573,1.539,1.5497,26359062.0
1639094400000,1.5489,1.7633,1.5486,1.6782,57421798.0
1639180800000,1.6782,1.7253,1.5922,1.6434,29398907.0
1639267200000,1.6436,1.6556,1.5671,1.6345,17676655.0
1639353600000,1.6345,1.6482,1.4,1.4283,18748344.0
1639440000000,1.4275,1.4725,1.3808,1.4539,17549285.0
1639526400000,1.4532,1.5305,1.3553,1.5148,20515597.0
1639612800000,1.515,1.5538,1.4601,1.4649,18120954.0
1639699200000,1.465,1.5026,1.36,1.4269,17880484.0
1639785600000,1.4271,1.5491,1.3856,1.4493,21367022.0
1639872000000,1.4493,1.5779,1.4452,1.452,37353245.0
1639958400000,1.452,1.4551,1.3341,1.4072,23730830.0
1640044800000,1.4078,1.4898,1.3823,1.481,17392307.0
1640131200000,1.4808,1.6092,1.4803,1.5695,20483713.0
1640217600000,1.5699,1.7415,1.5428,1.6467,22060361.0
1640304000000,1.6466,1.6792,1.569,1.5933,13971793.0
1640390400000,1.5937,1.661,1.5779,1.6373,10328003.0
1640476800000,1.6374,1.6955,1.5789,1.6694,13053447.0
1640563200000,1.6695,1.8119,1.6621,1.6877,17209358.0
1640649600000,1.6877,1.6877,1.5104,1.5362,13613534.0
1640736000000,1.5362,1.6161,1.4941,1.5773,13556578.0
1640822400000,1.5771,1.595,1.496,1.5327,15815608.0
1640908800000,1.5325,1.6089,1.4852,1.5409,11500476.0
1640995200000,1.5414,1.6674,1.5414,1.6512,12365032.0
1641081600000,1.6518,1.6788,1.6021,1.6679,8724614.0
1641168000000,1.6678,1.6982,1.5682,1.6176,9494285.0
1641254400000,1.6179,1.738,1.5717,1.6462,17188894.0
1641340800000,1.6462,1.7316,1.383,1.465,14926492.0
1641427200000,1.4636,1.4769,1.3656,1.4186,19289135.0
1641513600000,1.4182,1.4245,1.271,1.3094,18881546.0
1641600000000,1.3091,1.3745,1.2026,1.2301,21456198.0
1641686400000,1.2301,1.2863,1.2129,1.2606,12720403.0
1641772800000,1.2603,1.2921,1.1488,1.1883,16271630.0
1641859200000,1.1883,1.278,1.1751,1.2735,10065809.0
1641945600000,1.2739,1.3694,1.2738,1.3624,10385140.0
1642032000000,1.3631,1.4351,1.2927,1.3,16484094.0
1642118400000,1.2999,1.3284,1.2594,1.3072,9699556.0
1642204800000,1.3072,1.3574,1.3028,1.3238,8960235.0
1642291200000,1.3234,1.3881,1.3116,1.3491,19602321.0
1642377600000,1.3489,1.3516,1.2212,1.2451,16523184.0
1642464000000,1.2454,1.2843,1.2019,1.2716,15913883.0
1642550400000,1.2712,1.2876,1.1825,1.2214,15473609.0
1642636800000,1.2213,1.2785,1.1341,1.1427,18906992.0
1642723200000,1.142,1.156,0.9514,0.9833,23860530.0
1642809600000,0.9825,1.0035,0.7856,0.869,27428976.0
1642896000000,0.87,0.9177,0.8298,0.8805,15729663.0
1642982400000,0.8801,0.8806,0.7271,0.8196,24336155.0
1643068800000,0.8194,0.8807,0.793,0.8513,19315012.0
1643155200000,0.8515,0.9385,0.8406,0.8555,19988818.0
1643241600000,0.8555,0.8979,0.8025,0.861,19318700.0
1643328000000,0.8608,0.9009,0.8339,0.8983,16648734.0
1643414400000,0.8983,0.936,0.8941,0.9241,10593275.0
1643500800000,0.9239,0.9435,0.8784,0.8958,9672802.0
1643587200000,0.8958,0.919,0.8455,0.915,11340731.0
1643673600000,0.9151,0.9504,0.9117,0.9316,10034989.0
1643760000000,0.9317,0.9685,0.8766,0.8826,11794667.0
1643846400000,0.8829,0.8919,0.8375,0.8736,20391176.0
1643932800000,0.8736,1.0141,0.8675,0.9776,26273306.0
1644019200000,0.9779,1.0163,0.946,0.9748,24732322.0
1644105600000,0.9748,1.0238,0.9505,1.0155,23711080.0
1644192000000,1.0153,1.075,0.9924,1.0726,19327614.0
1644278400000,1.0728,1.1012,0.9869,1.0475,21980462.0
1644364800000,1.0476,1.1372,1.0327,1.0858,27623661.0
1644451200000,1.0858,1.1122,1.0171,1.0281,21266963.0
1644537600000,1.0285,1.1426,0.9389,0.9588,27640605.0
1644624000000,0.9588,0.9699,0.9171,0.9432,13466278.0
1644710400000,0.9433,0.9765,0.8759,0.8787,19997359.0
1644796800000,0.8787,0.9135,0.8473,0.9084,17423063.0
1644883200000,0.9086,1.0094,0.9075,1.006,19756854.0
1644969600000,1.0053,1.0098,0.9504,0.9838,18417768.0
1645056000000,0.9831,1.0062,0.8816,0.8933,14308706.0
1645142400000,0.893,0.9172,0.8507,0.8607,13769846.0
1645228800000,0.86,0.8912,0.8251,0.8611,12726459.0
1645315200000,0.8614,0.8618,0.7781,0.795,14381208.0
1645401600000,0.7949,0.847,0.7353,0.7393,26206807.0
1645488000000,0.7397,0.8028,0.713,0.7984,22179463.0
1645574400000,0.7986,0.8564,0.7753,0.7775,21298428.0
1645660800000,0.7773,0.855,0.6574,0.8269,40546317.0
1645747200000,0.8269,0.8923,0.7908,0.8847,39413675.0
1645833600000,0.8845,0.9263,0.8774,0.8956,23940663.0
1645920000000,0.8954,0.9243,0.7979,0.8114,31557971.0
1646006400000,0.8118,0.8815,0.79,0.8766,40630718.0
1646092800000,0.8766,0.9298,0.8675,0.8907,24938916.0
1646179200000,0.8907,0.96,0.8614,0.916,24678662.0
1646265600000,0.9161,0.9319,0.8347,0.8509,17325514.0
1646352000000,0.8507,0.8803,0.7706,0.7799,29650186.0
1646438400000,0.7799,0.8346,0.7501,0.8201,21861494.0
1646524800000,0.8201,0.8317,0.7656,0.7733,21183309.0
1646611200000,0.7736,0.8148,0.7294,0.7612,22976411.0
1646697600000,0.7615,0.8389,0.7548,0.8032,20096297.0
1646784000000,0.8035,0.9271,0.8011,0.9204,28624660.0
1646870400000,0.9204,0.943,0.8112,0.8264,29732124.0
1646956800000,0.8263,0.8563,0.7927,0.8062,23946608.0
1647043200000,0.8063,0.8346,0.7748,0.7762,20343161.0
1647129600000,0.776,0.796,0.7334,0.7432,17886181.0
1647216000000,0.7431,0.7771,0.7311,0.7667,16640763.0
1647302400000,0.7667,0.7812,0.7302,0.771,13272211.0
1647388800000,0.7711,0.8241,0.7605,0.8189,17958929.0
1647475200000,0.8191,0.8425,0.792,0.7927,13249495.0
1647561600000,0.7927,0.8405,0.7747,0.8362,11321125.0
1647648000000,0.836,0.8971,0.8341,0.8628,24691844.0
1647734400000,0.8627,0.87,0.816,0.8468,15564887.0
1647820800000,0.8471,0.913,0.816,0.8496,31918769.0
1647907200000,0.8497,0.9322,0.8433,0.9093,26047051.0
1647993600000,0.9097,0.9589,0.895,0.9558,22608280.0
1648080000000,0.9559,0.9974,0.9325,0.953,19048847.0
1648166400000,0.953,0.9874,0.9236,0.9421,15747455.0
1648252800000,0.9422,1.0163,0.9405,0.998,15089383.0
1648339200000,0.9985,1.0605,0.9821,1.0586,15211888.0
1648425600000,1.058,1.1137,0.9642,1.0035,19971958.0
1648512000000,1.0035,1.0903,1.0005,1.0662,19306933.0
1648598400000,1.0666,1.2096,1.0185,1.1211,36866051.0
1648684800000,1.1214,1.1947,1.08,1.1281,17344131.0
