1598918400000,4.6,5.748,4.5,5.359,21760775.7
1599004800000,5.364,5.393,3.718,4.333,21498810.6
1599091200000,4.334,4.371,2.693,2.92,21812663.5
1599177600000,2.92,3.296,2.698,2.86,13606862.7
1599264000000,2.857,3.069,1.57,1.903,18899935.4
1599350400000,1.902,2.337,1.521,2.164,19087848.9
1599436800000,2.162,2.295,1.707,2.097,12779912.9
1599523200000,2.092,2.103,1.759,1.839,9607979.3
1599609600000,1.836,2.145,1.767,1.971,13293117.1
1599696000000,1.972,2.199,1.948,1.964,15678117.4
1599782400000,1.963,2.011,1.71,1.903,13454452.7
1599868800000,1.903,2.152,1.811,2.106,21655110.1
1599955200000,2.107,2.145,1.752,1.911,17461161.8
1600041600000,1.913,1.983,1.785,1.852,14032994.0
1600128000000,1.851,1.893,1.339,1.416,19199174.6
1600214400000,1.417,1.464,1.201,1.283,28284514.0
1600300800000,1.283,1.434,1.195,1.335,24278451.6
1600387200000,1.334,1.435,1.22,1.261,22131445.2
1600473600000,1.261,1.64,1.232,1.483,31473236.9
1600560000000,1.484,1.626,1.3,1.363,36288741.3
1600646400000,1.364,1.404,1.067,1.093,36084799.6
1600732800000,1.093,1.152,1.01,1.078,30518427.9
1600819200000,1.078,1.134,0.853,0.89,36417852.1
1600905600000,0.888,0.999,0.872,0.989,25168534.8
1600992000000,0.988,1.044,0.879,0.973,35546809.1
1601078400000,0.975,1.141,0.968,1.112,36061260.3
1601164800000,1.113,1.134,0.978,1.038,24050507.8
1601251200000,1.038,1.099,0.99,1.003,24826950.1
1601337600000,1.002,1.021,0.901,0.951,17598848.1
1601424000000,0.951,0.966,0.909,0.947,12206655.9
1601510400000,0.949,0.984,0.815,0.865,26185603.8
1601596800000,0.864,0.879,0.722,0.762,31074556.6
1601683200000,0.762,0.81,0.741,0.765,16824332.7
1601769600000,0.764,0.768,0.671,0.696,21756662.5
1601856000000,0.696,0.72,0.616,0.63,27714600.7
1601942400000,0.629,0.632,0.478,0.502,68548894.5
1602028800000,0.504,0.525,0.447,0.522,71360124.6
1602115200000,0.523,0.578,0.454,0.558,65836784.2
1602201600000,0.557,0.639,0.516,0.621,50073256.7
1602288000000,0.621,0.646,0.543,0.557,41178379.3
1602374400000,0.558,0.581,0.523,0.559,31303521.0
1602460800000,0.558,0.598,0.535,0.568,28987878.4
1602547200000,0.568,0.572,0.529,0.547,19371067.0
1602633600000,0.547,0.554,0.475,0.504,35208611.0
1602720000000,0.504,0.508,0.477,0.498,23828878.5
1602806400000,0.498,0.512,0.421,0.429,36854408.8
1602892800000,0.429,0.449,0.416,0.436,24238083.9
1602979200000,0.435,0.473,0.433,0.457,22264145.4
1603065600000,0.456,0.459,0.405,0.413,29303975.7
1603152000000,0.413,0.417,0.353,0.359,52057269.4
1603238400000,0.358,0.403,0.355,0.382,45614975.1
1603324800000,0.382,0.429,0.38,0.407,43658817.8
1603411200000,0.408,0.413,0.368,0.379,33732183.1
1603497600000,0.378,0.382,0.355,0.372,37864149.6
1603584000000,0.372,0.382,0.326,0.336,50486185.4
1603670400000,0.336,0.44,0.331,0.405,137126492.0
1603756800000,0.405,0.632,0.386,0.624,256187902.7
1603843200000,0.622,0.635,0.45,0.489,223257312.4
1603929600000,0.489,0.52,0.426,0.443,141326928.9
1604016000000,0.443,0.462,0.374,0.393,142347952.7
1604102400000,0.393,0.445,0.389,0.416,76156832.5
1604188800000,0.415,0.421,0.386,0.401,41965555.3
1604275200000,0.401,0.423,0.354,0.359,63196974.1
1604361600000,0.359,0.367,0.34,0.356,55876301.2
1604448000000,0.355,0.372,0.329,0.342,62183172.6
1604534400000,0.342,0.383,0.33,0.361,82496445.3
1604620800000,0.361,0.448,0.356,0.436,116199971.2
1604707200000,0.435,0.545,0.391,0.428,218395970.4
1604793600000,0.427,0.491,0.415,0.471,84653842.1
1604880000000,0.472,0.497,0.428,0.454,98127259.8
1604966400000,0.454,0.597,0.441,0.564,124258466.4
1605052800000,0.563,0.642,0.527,0.543,172417303.6
1605139200000,0.542,0.586,0.508,0.562,108712189.0
1605225600000,0.561,0.698,0.548,0.68,138853895.3
1605312000000,0.68,0.745,0.594,0.71,159596034.4
1605398400000,0.71,0.835,0.702,0.781,190353031.0
1605484800000,0.78,0.842,0.693,0.821,135413582.4
1605571200000,0.821,0.904,0.801,0.875,129583762.1
1605657600000,0.874,0.887,0.69,0.755,162942947.9
1605744000000,0.755,0.846,0.71,0.803,138452177.2
1605830400000,0.803,0.968,0.791,0.856,173823972.0
1605916800000,0.856,0.902,0.788,0.857,115010963.6
1606003200000,0.858,0.878,0.686,0.747,143644689.1
1606089600000,0.747,0.81,0.715,0.745,83713112.0
1606176000000,0.745,0.801,0.66,0.687,114667392.8
1606262400000,0.687,0.758,0.622,0.64,97361779.9
1606348800000,0.639,0.662,0.473,0.589,179441863.0
1606435200000,0.588,0.643,0.541,0.641,121444637.5
1606521600000,0.64,0.651,0.587,0.608,52688969.2
1606608000000,0.608,0.688,0.592,0.656,71950099.2
1606694400000,0.656,0.723,0.656,0.677,66505339.9
1606780800000,0.677,0.761,0.628,0.68,103189324.7
1606867200000,0.679,0.818,0.659,0.802,96602624.0
1606953600000,0.801,0.859,0.767,0.83,76163697.5
1607040000000,0.83,0.838,0.664,0.683,82581506.8
1607126400000,0.682,0.741,0.663,0.739,53798530.3
1607212800000,0.739,0.746,0.671,0.702,43571818.5
1607299200000,0.702,0.745,0.685,0.708,49734912.2
1607385600000,0.708,0.713,0.585,0.609,65740104.9
1607472000000,0.608,0.64,0.558,0.632,55573661.1
1607558400000,0.632,0.642,0.581,0.601,39731645.3
1607644800000,0.601,0.604,0.535,0.557,51582169.7
1607731200000,0.557,0.599,0.557,0.592,33265538.9
1607817600000,0.593,0.637,0.577,0.618,41432123.6
1607904000000,0.618,0.642,0.594,0.638,31480815.1
1607990400000,0.638,0.674,0.624,0.628,47154711.2
1608076800000,0.628,0.655,0.595,0.652,49656768.0
1608163200000,0.652,0.689,0.616,0.656,69097997.7
1608249600000,0.656,0.659,0.622,0.646,37926382.6
1608336000000,0.646,0.7,0.64,0.665,43878034.4
1608422400000,0.665,0.667,0.606,0.618,38771593.2
1608508800000,0.617,0.63,0.538,0.559,50749458.7
1608595200000,0.558,0.571,0.508,0.558,45869440.7
1608681600000,0.558,0.569,0.37,0.418,85440188.8
1608768000000,0.419,0.48,0.403,0.477,69309413.2
1608854400000,0.478,0.534,0.463,0.488,57399823.6
1608940800000,0.488,0.493,0.448,0.47,35647580.9
1609027200000,0.47,0.515,0.438,0.472,59016393.1
1609113600000,0.472,0.524,0.466,0.499,37207480.5
1609200000000,0.498,0.514,0.443,0.473,53025288.1
1609286400000,0.474,0.591,0.466,0.58,133020201.6
1609372800000,0.58,0.634,0.52,0.625,95673778.7
1609459200000,0.625,0.675,0.602,0.62,93612608.9
1609545600000,0.621,0.624,0.564,0.612,79859958.1
1609632000000,0.613,0.696,0.585,0.681,89617295.2
1609718400000,0.681,0.736,0.578,0.676,121845458.9
1609804800000,0.677,0.728,0.622,0.689,97268110.1
1609891200000,0.69,0.788,0.668,0.734,87248469.2
1609977600000,0.735,0.793,0.683,0.719,76013096.6
1610064000000,0.719,0.739,0.619,0.694,80980641.9
1610150400000,0.693,0.807,0.668,0.769,65133387.2
1610236800000,0.768,0.849,0.699,0.755,88613323.0
1610323200000,0.754,0.758,0.527,0.62,110936714.7
1610409600000,0.62,0.67,0.589,0.622,63084441.9
1610496000000,0.623,0.693,0.601,0.687,43832955.1
1610582400000,0.687,0.798,0.661,0.797,43463735.1
1610668800000,0.797,1.199,0.783,1.148,284364941.9
1610755200000,1.148,1.268,1.048,1.108,116039673.3
1610841600000,1.108,1.784,1.053,1.691,176095852.1
1610928000000,1.69,1.781,1.388,1.607,85848187.0
1611014400000,1.607,1.665,1.312,1.332,65720095.1
1611100800000,1.332,1.647,1.256,1.627,104487041.7
1611187200000,1.626,1.928,1.45,1.677,146388305.6
1611273600000,1.676,2.096,1.42,1.958,126048031.0
1611360000000,1.958,2.3,1.911,2.133,80891525.4
1611446400000,2.133,2.361,2.034,2.259,67261832.1
1611532800000,2.261,2.312,1.97,2.006,46471423.1
1611619200000,2.005,2.242,1.825,2.142,67027811.7
1611705600000,2.143,2.144,1.732,1.813,54804037.3
1611792000000,1.814,2.206,1.75,2.085,49837448.3
1611878400000,2.085,2.134,1.856,2.047,39194515.9
1611964800000,2.048,2.666,1.886,2.554,63488058.7
1612051200000,2.553,2.848,2.265,2.517,64155632.9
1612137600000,2.518,2.682,2.31,2.548,42174848.3
1612224000000,2.547,2.767,2.434,2.502,32443595.2
1612310400000,2.503,2.715,2.4,2.646,35876208.5
1612396800000,2.645,3.207,2.479,3.028,68403848.1
1612483200000,3.027,3.385,3.013,3.276,36186914.9
1612569600000,3.276,3.686,2.975,3.154,45867185.0
1612656000000,3.155,3.205,2.634,2.985,38216370.5
1612742400000,2.985,3.249,2.854,3.076,30335870.4
1612828800000,3.076,3.297,2.944,3.188,27037617.5
1612915200000,3.188,3.412,2.712,3.092,41257878.3
1613001600000,3.089,3.586,2.999,3.568,35824269.9
1613088000000,3.568,3.632,3.2,3.399,32225831.0
1613174400000,3.402,3.55,3.132,3.293,34128183.6
1613260800000,3.297,3.422,2.912,2.957,30564807.0
1613347200000,2.961,3.027,2.029,2.712,64593600.9
1613433600000,2.716,2.873,2.536,2.679,35032414.5
1613520000000,2.68,2.882,2.487,2.794,26687845.6
1613606400000,2.795,3.052,2.728,2.81,26492122.9
1613692800000,2.811,2.884,2.564,2.634,25368274.2
1613779200000,2.634,3.277,2.57,2.89,60127398.7
1613865600000,2.892,3.092,2.81,2.906,30846320.8
1613952000000,2.906,2.915,1.988,2.572,55279483.6
1614038400000,2.571,2.6,1.674,2.133,76427979.8
1614124800000,2.133,2.388,1.998,2.146,35834198.9
1614211200000,2.146,2.333,1.98,2.004,33670386.2
1614297600000,2.002,2.096,1.789,1.924,36555054.8
1614384000000,1.923,2.1,1.911,1.96,28097548.3
1614470400000,1.958,1.982,1.618,1.768,40886814.8
1614556800000,1.766,2.009,1.749,1.998,27889589.9
1614643200000,1.997,2.579,1.994,2.497,77834306.7
1614729600000,2.5,2.631,2.261,2.283,60605170.8
1614816000000,2.281,2.39,2.012,2.084,47566201.3
1614902400000,2.085,2.119,1.909,2.052,29631313.9
1614988800000,2.051,2.17,1.911,2.044,33904736.1
1615075200000,2.044,2.262,2.042,2.246,32419578.7
1615161600000,2.247,2.41,2.032,2.397,48470570.8
1615248000000,2.398,2.489,2.276,2.409,31499937.2
1615334400000,2.41,2.49,2.172,2.217,29842389.6
1615420800000,2.217,2.231,2.063,2.178,27744335.8
1615507200000,2.179,2.235,1.96,2.063,31923286.9
1615593600000,2.062,2.392,1.982,2.384,31706445.5
1615680000000,2.385,2.409,2.104,2.11,29551280.1
1615766400000,2.109,2.36,2.038,2.229,37129256.7
1615852800000,2.229,2.62,2.094,2.596,45840074.6
1615939200000,2.598,2.602,2.283,2.427,30400131.3
1616025600000,2.426,2.805,2.411,2.614,37024001.0
1616112000000,2.612,2.799,2.481,2.751,28793142.2
1616198400000,2.748,2.983,2.686,2.709,26931877.7
1616284800000,2.708,2.765,2.519,2.598,20604924.9
1616371200000,2.598,2.712,2.324,2.356,32474482.3
1616457600000,2.357,3.261,2.219,2.883,88297479.7
1616544000000,2.882,2.988,2.35,2.517,52190949.5
1616630400000,2.515,2.73,2.323,2.38,76022272.6
1616716800000,2.38,2.65,2.378,2.62,38692769.4
1616803200000,2.621,3.201,2.556,3.117,55508138.6
1616889600000,3.117,3.37,2.919,3.025,59288467.2
1616976000000,3.025,3.583,2.993,3.525,51986935.0
1617062400000,3.525,3.536,3.149,3.29,33870064.8
1617148800000,3.29,3.309,2.929,3.141,39584773.3
1617235200000,3.141,3.48,3.05,3.326,35956947.3
1617321600000,3.325,3.544,3.231,3.356,26865991.8
1617408000000,3.357,3.418,2.893,2.927,35119865.6
1617494400000,2.924,3.13,2.854,3.107,27390842.3
1617580800000,3.107,3.514,2.912,3.323,51108429.8
1617667200000,3.325,3.412,2.998,3.183,42406723.6
1617753600000,3.185,3.387,2.71,2.899,64226686.1
1617840000000,2.898,3.104,2.853,3.078,31385551.3
1617926400000,3.078,3.149,2.935,2.985,25345748.3
1618012800000,2.985,3.067,2.866,2.965,25075400.9
1618099200000,2.966,3.227,2.887,3.119,35290282.2
1618185600000,3.119,3.135,2.94,3.042,36672530.7
1618272000000,3.042,3.203,2.99,3.13,35167696.4
1618358400000,3.131,3.315,2.961,3.166,43753244.7
1618444800000,3.165,4.166,3.148,4.032,107069063.4
1618531200000,4.034,4.666,3.682,3.92,103525298.6
1618617600000,3.92,4.352,3.749,3.786,42053229.9
1618704000000,3.786,3.874,2.23,3.219,107870683.2
1618790400000,3.219,3.46,2.773,2.821,57702357.5
1618876800000,2.821,3.099,2.577,3.023,47559894.9
1618963200000,3.024,3.158,2.82,2.887,35875685.9
1619049600000,2.888,3.31,2.668,2.75,51468312.1
1619136000000,2.75,2.855,2.226,2.641,65616928.6
1619222400000,2.64,2.645,2.341,2.371,29852371.8
1619308800000,2.372,2.55,2.195,2.379,28311127.6
1619395200000,2.379,2.837,2.343,2.777,44393064.6
1619481600000,2.777,3.195,2.711,3.127,40900447.0
1619568000000,3.126,3.211,2.812,3.033,37029604.8
1619654400000,3.034,3.242,2.89,3.016,38222166.0
1619740800000,3.017,3.39,2.954,3.339,39493664.5
1619827200000,3.339,3.498,3.171,3.41,37043948.4
1619913600000,3.41,3.418,3.104,3.28,28883610.2
1620000000000,3.279,3.386,3.18,3.249,32926835.3
1620086400000,3.25,3.255,2.804,2.828,39362369.7
1620172800000,2.826,3.137,2.741,3.097,30561498.4
1620259200000,3.097,3.424,3.02,3.249,53741157.1
1620345600000,3.25,3.888,3.112,3.655,69258080.2
1620432000000,3.654,3.979,3.465,3.574,42266102.7
1620518400000,3.574,3.604,3.244,3.452,35288383.3
1620604800000,3.452,3.703,2.726,3.084,62054420.2
1620691200000,3.085,3.349,2.958,3.313,36524206.0
1620777600000,3.314,3.9,3.119,3.31,95647794.2
1620864000000,3.314,4.239,2.946,3.363,153200257.1
1620950400000,3.365,3.829,3.316,3.676,58932178.0
1621036800000,3.676,3.902,3.163,3.22,63244979.7
1621123200000,3.221,3.499,3.0,3.272,51600217.3
1621209600000,3.272,3.275,2.846,3.085,58134853.9
1621296000000,3.084,3.601,3.041,3.49,72927229.1
1621382400000,3.489,3.581,1.27,1.943,141297855.3
1621468800000,1.944,2.424,1.624,2.197,116366828.6
1621555200000,2.198,2.34,1.521,1.839,88958029.8
1621641600000,1.838,1.986,1.536,1.624,80100552.2
1621728000000,1.625,1.704,1.051,1.317,135397922.6
1621814400000,1.318,1.64,1.27,1.625,86447781.2
1621900800000,1.626,1.702,1.387,1.609,63085644.5
1621987200000,1.609,1.926,1.571,1.893,54781151.2
1622073600000,1.893,1.936,1.645,1.756,51662108.8
1622160000000,1.756,1.792,1.497,1.586,52773155.4
1622246400000,1.587,1.751,1.477,1.739,54622645.7
1622332800000,1.74,1.798,1.613,1.677,67515216.4
1622419200000,1.677,1.965,1.598,1.953,45832461.3
1622505600000,1.951,2.077,1.783,2.047,44420281.8
1622592000000,2.048,2.516,1.981,2.331,107761097.7
1622678400000,2.331,2.738,2.294,2.499,80281073.1
1622764800000,2.501,2.785,2.15,2.682,108973568.0
1622851200000,2.682,2.896,2.4,2.528,99903707.8
1622937600000,2.528,2.62,2.401,2.457,48325582.2
1623024000000,2.456,2.571,2.118,2.153,53075087.3
1623110400000,2.153,2.374,1.982,2.316,74091404.8
1623196800000,2.315,2.58,2.163,2.525,81177110.3
1623283200000,2.526,2.539,2.207,2.264,44730647.0
1623369600000,2.265,2.308,2.058,2.163,43640485.9
1623456000000,2.163,2.287,2.003,2.085,52625516.3
1623542400000,2.084,2.269,2.049,2.204,36346074.8
1623628800000,2.205,2.323,2.147,2.27,37153943.1
1623715200000,2.27,2.359,2.19,2.238,39866110.7
1623801600000,2.237,2.255,2.045,2.074,35543749.9
1623888000000,2.073,2.173,2.007,2.093,25547321.3
1623974400000,2.093,2.138,1.844,1.923,41709129.5
1624060800000,1.924,1.968,1.851,1.851,27162786.7
1624147200000,1.85,1.958,1.744,1.921,30686296.4
1624233600000,1.92,1.949,1.415,1.444,53599366.9
1624320000000,1.444,1.589,1.214,1.402,65524281.1
1624406400000,1.402,1.577,1.334,1.503,48898124.2
1624492800000,1.504,1.723,1.438,1.679,43687766.5
1624579200000,1.68,1.735,1.428,1.437,57125203.8
1624665600000,1.438,1.512,1.364,1.487,49387770.1
1624752000000,1.486,1.604,1.435,1.586,37089312.7
1624838400000,1.586,1.666,1.55,1.616,31633660.9
1624924800000,1.616,1.861,1.601,1.792,42539652.2
1625011200000,1.791,1.846,1.671,1.814,37957162.6
1625097600000,1.815,1.854,1.647,1.688,34141460.8
1625184000000,1.687,1.725,1.566,1.657,24165105.0
1625270400000,1.657,1.785,1.627,1.756,20987525.0
1625356800000,1.756,1.9,1.698,1.837,30638113.7
1625443200000,1.837,1.846,1.683,1.794,31583159.2
1625529600000,1.795,2.057,1.791,1.962,43509269.4
1625616000000,1.961,2.1,1.926,1.938,32368582.9
1625702400000,1.937,1.949,1.706,1.752,37303760.1
1625788800000,1.752,1.792,1.672,1.766,23324819.8
1625875200000,1.766,1.806,1.654,1.744,19588563.6
1625961600000,1.744,1.778,1.714,1.759,18108037.5
1626048000000,1.76,1.79,1.637,1.676,19993409.5
1626134400000,1.676,1.687,1.564,1.603,17692296.7
1626220800000,1.603,1.63,1.501,1.597,23776582.9
1626307200000,1.597,1.647,1.484,1.504,23104622.6
1626393600000,1.504,1.542,1.408,1.416,22782159.5
1626480000000,1.416,1.463,1.391,1.425,20053501.9
1626566400000,1.425,1.508,1.39,1.41,19566131.0
1626652800000,1.409,1.419,1.321,1.34,19355586.0
1626739200000,1.34,1.37,1.219,1.278,30620663.6
1626825600000,1.279,1.47,1.242,1.447,30786285.0
1626912000000,1.448,1.547,1.411,1.541,29549283.0
1626998400000,1.541,1.615,1.475,1.601,27289881.3
1627084800000,1.601,1.616,1.511,1.542,21843521.2
1627171200000,1.543,1.556,1.457,1.522,24092554.1
1627257600000,1.523,1.71,1.515,1.53,48915672.8
1627344000000,1.529,1.585,1.471,1.568,28845386.8
1627430400000,1.569,1.584,1.495,1.543,26813936.9
1627516800000,1.544,1.631,1.507,1.622,40667978.8
1627603200000,1.622,1.707,1.524,1.695,38661530.7
1627689600000,1.697,1.76,1.645,1.711,36287359.9
1627776000000,1.711,1.78,1.633,1.658,31954819.5
1627862400000,1.658,1.693,1.606,1.624,29716338.3
1627948800000,1.625,1.639,1.534,1.569,29805305.0
1628035200000,1.568,1.648,1.53,1.624,28788144.8
1628121600000,1.625,1.825,1.586,1.772,55003750.0
1628208000000,1.771,1.97,1.69,1.924,51427908.9
1628294400000,1.924,1.982,1.813,1.913,50415003.3
1628380800000,1.913,1.939,1.72,1.756,44947022.7
1628467200000,1.756,1.909,1.708,1.875,42093756.9
1628553600000,1.874,2.075,1.833,2.066,44496673.5
1628640000000,2.066,2.195,2.025,2.038,55941824.2
1628726400000,2.039,2.153,1.927,2.033,50700514.2
1628812800000,2.033,2.38,2.024,2.363,55827023.0
1628899200000,2.362,2.363,2.16,2.264,40929637.4
1628985600000,2.264,2.296,2.083,2.223,45465285.0
1629072000000,2.224,2.292,2.087,2.123,50189725.1
1629158400000,2.123,2.24,1.905,1.923,67263313.6
1629244800000,1.923,2.017,1.842,1.913,49834196.3
1629331200000,1.915,2.154,1.87,2.152,54474204.2
1629417600000,2.152,2.345,2.127,2.271,44370161.6
1629504000000,2.272,2.328,2.153,2.222,59036628.5
1629590400000,2.222,2.47,2.182,2.442,68535132.9
1629676800000,2.443,2.518,2.262,2.367,55985172.2
1629763200000,2.367,2.39,2.076,2.098,53777241.8
1629849600000,2.098,2.252,2.085,2.199,47589127.6
1629936000000,2.198,2.242,2.006,2.048,44434888.7
1630022400000,2.048,2.195,1.983,2.183,37475218.7
1630108800000,2.184,2.203,2.081,2.1,24704261.4
1630195200000,2.099,2.169,2.034,2.105,31261674.1
1630281600000,2.105,2.274,2.02,2.098,61078487.1
1630368000000,2.098,2.38,2.044,2.235,65531413.3
1630454400000,2.236,2.317,2.16,2.31,38407876.8
1630540800000,2.309,2.311,2.201,2.207,29211901.9
1630627200000,2.208,2.281,2.161,2.21,29545617.9
1630713600000,2.21,2.345,2.19,2.272,44789738.5
1630800000000,2.273,2.549,2.25,2.484,70159378.0
1630886400000,2.484,2.662,2.35,2.49,55728738.4
1630972800000,2.492,2.506,1.498,1.995,85250159.1
1631059200000,1.994,2.058,1.82,1.987,58635476.0
1631145600000,1.987,2.432,1.91,2.383,56009876.1
1631232000000,2.384,2.476,2.052,2.143,84449475.0
1631318400000,2.143,2.33,2.12,2.27,33212611.0
1631404800000,2.27,2.435,2.202,2.422,30481883.5
1631491200000,2.423,2.483,2.043,2.356,58159750.3
1631577600000,2.356,2.854,2.354,2.802,135901217.7
1631664000000,2.801,3.207,2.717,3.017,137811226.5
1631750400000,3.016,3.449,2.924,3.111,143230783.5
1631836800000,3.111,3.239,2.776,2.81,83052034.0
1631923200000,2.811,2.976,2.697,2.886,58467412.8
1632009600000,2.886,3.094,2.675,3.039,67708020.1
1632096000000,3.04,3.142,2.34,2.41,109254326.0
1632182400000,2.41,2.663,2.124,2.199,90085734.0
1632268800000,2.199,2.52,2.143,2.449,54515612.2
1632355200000,2.448,2.834,2.353,2.787,63759498.4
1632441600000,2.787,2.794,2.247,2.425,82896360.8
1632528000000,2.425,2.478,2.261,2.307,38464973.7
1632614400000,2.308,2.618,2.061,2.541,77053236.0
1632700800000,2.541,2.749,2.358,2.368,99304190.5
1632787200000,2.369,2.417,2.218,2.224,56604366.0
1632873600000,2.224,2.4,2.208,2.286,36319620.0
1632960000000,2.287,2.398,2.252,2.333,30622402.8
1633046400000,2.334,2.557,2.282,2.53,37541302.3
1633132800000,2.531,2.654,2.455,2.532,34208744.0
1633219200000,2.533,2.961,2.478,2.819,66685359.5
1633305600000,2.818,2.908,2.626,2.882,67622768.1
1633392000000,2.88,3.034,2.755,2.935,54830014.0
1633478400000,2.936,2.943,2.627,2.738,47054783.7
1633564800000,2.738,2.903,2.65,2.816,46214783.5
1633651200000,2.815,2.966,2.75,2.961,34558497.3
1633737600000,2.962,3.101,2.866,2.909,51487604.3
1633824000000,2.909,2.912,2.677,2.697,29324932.5
1633910400000,2.696,2.813,2.63,2.695,29048352.5
1633996800000,2.696,2.705,2.519,2.688,32464754.1
1634083200000,2.688,2.999,2.646,2.958,58322724.1
1634169600000,2.959,3.158,2.86,2.892,43771160.1
1634256000000,2.893,3.014,2.803,2.899,36872995.3
1634342400000,2.899,3.085,2.88,2.912,30423295.3
1634428800000,2.911,2.921,2.722,2.87,18479651.8
1634515200000,2.87,2.874,2.721,2.794,17177371.5
1634601600000,2.793,2.847,2.681,2.789,17780359.0
1634688000000,2.789,2.971,2.788,2.939,29044137.9
1634774400000,2.94,3.06,2.836,2.86,29593792.9
1634860800000,2.859,3.376,2.857,3.335,65853216.7
1634947200000,3.335,3.796,3.171,3.691,99526365.2
1635033600000,3.691,3.954,3.455,3.508,100972165.6
1635120000000,3.508,4.84,3.487,4.786,179285483.5
1635206400000,4.785,5.284,4.523,4.643,197567237.1
1635292800000,4.643,4.721,4.0,4.449,110695782.6
1635379200000,4.448,5.511,4.443,4.762,160884203.2
1635465600000,4.761,5.015,4.562,4.677,72345377.2
1635552000000,4.677,5.33,4.542,4.743,88947166.3
1635638400000,4.741,4.749,4.301,4.428,45301879.9
1635724800000,4.428,4.538,4.174,4.509,51160048.9
1635811200000,4.509,4.643,4.234,4.295,42397797.9
1635897600000,4.295,4.615,3.996,4.402,59853755.4
1635984000000,4.406,4.54,4.052,4.163,38754361.9
1636070400000,4.162,4.227,4.021,4.078,23699621.6
1636156800000,4.078,4.299,3.838,4.11,38875623.4
1636243200000,4.11,4.752,4.083,4.499,63438646.3
1636329600000,4.499,4.681,4.303,4.642,52072542.8
1636416000000,4.643,5.011,4.437,4.53,65290603.3
1636502400000,4.53,4.604,3.646,4.078,61902490.8
1636588800000,4.078,4.427,4.038,4.166,43307393.9
1636675200000,4.166,4.296,3.879,4.033,39186683.7
1636761600000,4.032,4.391,4.031,4.225,38773489.5
1636848000000,4.225,4.375,4.033,4.131,23264498.4
1636934400000,4.131,4.164,3.902,3.939,25372297.2
1637020800000,3.94,3.976,3.2,3.699,72673373.4
1637107200000,3.699,4.055,3.678,4.029,71117618.7
1637193600000,4.027,4.246,3.564,4.121,79379212.0
1637280000000,4.121,4.299,3.877,3.968,51327914.7
1637366400000,3.967,4.183,3.832,3.942,35363534.7
1637452800000,3.942,3.943,3.74,3.796,29211963.5
1637539200000,3.797,4.537,3.711,4.264,137746879.6
1637625600000,4.265,5.09,4.114,5.057,128190286.0
1637712000000,5.058,6.174,4.535,5.856,138775955.9
1637798400000,5.855,6.4,5.48,5.928,131197711.2
1637884800000,5.928,6.113,4.72,4.931,115355504.4
1637971200000,4.93,5.368,4.668,4.839,57976286.6
1638057600000,4.838,4.892,4.173,4.875,65597369.2
1638144000000,4.875,5.034,4.6,4.688,49773025.8
1638230400000,4.691,5.074,4.521,5.026,60504688.4
1638316800000,5.026,5.482,4.807,4.994,72818371.4
1638403200000,4.994,4.994,4.641,4.744,40474388.0
1638489600000,4.742,4.824,3.96,4.36,51372320.8
1638576000000,4.36,4.429,2.653,3.744,106593081.4
1638662400000,3.745,3.955,3.329,3.613,62782888.7
1638748800000,3.611,3.845,3.204,3.707,77825370.2
1638835200000,3.706,4.188,3.662,4.15,57381021.3
1638921600000,4.149,4.213,3.764,4.178,48269623.9
1639008000000,4.179,4.272,3.595,3.653,47184760.9
1639094400000,3.654,3.784,3.322,3.337,38139058.4
1639180800000,3.339,3.774,3.281,3.743,39919710.9
1639267200000,3.743,3.885,3.562,3.834,34497575.9
1639353600000,3.832,3.899,3.248,3.322,57849802.0
1639440000000,3.323,3.464,3.221,3.423,31717817.3
1639526400000,3.423,3.803,3.221,3.697,50624422.8
1639612800000,3.698,4.081,3.692,3.82,55356639.9
1639699200000,3.819,4.458,3.7,4.273,114219809.8
1639785600000,4.274,4.61,4.096,4.511,92946565.0
1639872000000,4.512,4.6,4.107,4.169,43283072.6
1639958400000,4.166,4.301,3.781,4.118,69904536.1
1640044800000,4.118,4.634,4.032,4.621,58024277.3
1640131200000,4.621,5.286,4.609,5.054,104301950.0
1640217600000,5.055,5.439,4.907,5.188,80291314.5
1640304000000,5.188,5.622,5.025,5.184,59837657.6
1640390400000,5.184,5.898,5.112,5.836,58046388.3
1640476800000,5.837,6.076,5.628,5.729,72169758.1
1640563200000,5.731,5.799,5.254,5.276,48069172.2
1640649600000,5.277,5.291,4.643,4.714,81482385.1
1640736000000,4.717,5.199,4.7,4.85,92475799.4
1640822400000,4.849,5.28,4.651,5.11,69538558.5
1640908800000,5.111,5.719,5.0,5.316,81977532.5
1640995200000,5.314,6.298,5.314,6.199,106178456.7
1641081600000,6.199,6.46,5.902,6.038,103611493.1
1641168000000,6.038,6.727,5.73,6.507,136918201.5
1641254400000,6.508,6.809,6.052,6.077,109364180.8
1641340800000,6.078,6.429,4.982,5.394,105990642.8
1641427200000,5.394,5.525,5.068,5.398,93558418.2
1641513600000,5.399,5.429,4.714,4.999,98965847.9
1641600000000,4.999,5.266,4.361,4.6,72156800.3
1641686400000,4.601,4.865,4.491,4.5,64475429.9
1641772800000,4.498,4.614,3.995,4.316,101818711.1
1641859200000,4.317,4.674,4.254,4.605,65432975.4
1641945600000,4.605,5.012,4.57,4.901,62964032.2
1642032000000,4.902,5.18,4.756,5.021,75700141.0
1642118400000,5.02,5.385,4.65,5.335,77906882.8
1642204800000,5.335,5.478,5.243,5.274,58135530.1
1642291200000,5.274,5.364,5.054,5.138,39044699.4
1642377600000,5.139,5.172,4.601,4.772,69081673.9
1642464000000,4.774,4.842,4.395,4.553,52409184.0
1642550400000,4.553,4.572,4.173,4.187,58770409.1
1642636800000,4.185,4.55,3.931,3.961,59759904.5
1642723200000,3.96,4.05,3.203,3.304,102765045.1
1642809600000,3.304,3.448,2.547,2.879,132178219.9
1642896000000,2.88,3.142,2.822,3.012,74492348.4
1642982400000,3.012,3.018,2.356,2.817,135886506.6
1643068800000,2.816,3.115,2.701,3.013,110156000.5
1643155200000,3.012,3.288,2.806,2.867,98845260.9
1643241600000,2.867,2.941,2.646,2.78,78777068.0
1643328000000,2.78,2.951,2.69,2.914,62540832.4
1643414400000,2.914,3.083,2.89,2.989,48909283.6
1643500800000,2.989,3.267,2.923,3.18,83823954.8
1643587200000,3.179,3.325,2.942,3.268,80089504.7
1643673600000,3.269,3.496,3.252,3.46,71009412.4
1643760000000,3.459,3.506,3.05,3.103,61438711.0
1643846400000,3.104,3.136,2.98,3.112,45263840.1
1643932800000,3.112,3.446,3.059,3.429,54494151.9
1644019200000,3.427,3.569,3.375,3.417,43300630.0
1644105600000,3.418,3.531,3.266,3.371,37032108.5
1644192000000,3.37,3.634,3.312,3.553,59077318.6
1644278400000,3.553,3.72,3.292,3.415,59475452.2
1644364800000,3.415,3.543,3.337,3.493,36895239.7
1644451200000,3.494,3.5,3.165,3.187,51610508.3
1644537600000,3.189,3.248,2.812,2.883,44333312.1
1644624000000,2.883,3.016,2.775,2.871,35993911.5
1644710400000,2.871,2.923,2.717,2.741,31128846.5
1644796800000,2.741,2.906,2.646,2.899,47341896.5
1644883200000,2.901,3.195,2.899,3.179,50191489.9
1644969600000,3.178,3.267,3.05,3.164,58321234.0
1645056000000,3.163,3.299,2.88,2.906,72048734.9
1645142400000,2.907,2.994,2.791,2.805,40276829.5
1645228800000,2.805,2.867,2.705,2.797,28254061.5
1645315200000,2.796,2.801,2.508,2.547,35905668.4
1645401600000,2.547,2.689,2.324,2.336,62086346.4
1645488000000,2.336,2.427,2.221,2.392,51607641.5
1645574400000,2.393,2.516,2.273,2.281,47742082.1
1645660800000,2.282,2.307,1.888,2.234,115727327.9
1645747200000,2.235,2.409,2.186,2.359,45761179.0
1645833600000,2.359,2.456,2.312,2.392,30120896.3
1645920000000,2.392,2.394,2.148,2.187,48060976.9
1646006400000,2.187,2.445,2.123,2.439,60978604.4
1646092800000,2.438,2.597,2.395,2.542,64185660.8
1646179200000,2.541,2.75,2.46,2.642,80490015.5
1646265600000,2.643,2.668,2.44,2.504,43364922.9
1646352000000,2.503,2.518,2.218,2.249,42484209.2
1646438400000,2.249,2.28,2.174,2.245,26973107.6
1646524800000,2.244,2.265,2.051,2.059,38951877.9
1646611200000,2.058,2.133,1.92,1.975,58786603.6
1646697600000,1.975,2.122,1.967,2.034,51336690.1
1646784000000,2.034,2.213,2.022,2.156,39540207.3
1646870400000,2.156,2.163,1.944,2.039,51449998.5
1646956800000,2.04,2.104,1.941,1.968,43712835.3
1647043200000,1.967,2.061,1.963,1.974,27365755.6
1647129600000,1.974,2.032,1.89,1.916,29776784.6
1647216000000,1.916,2.0,1.896,1.951,37014416.3
1647302400000,1.951,2.001,1.865,1.95,38401581.3
1647388800000,1.951,2.097,1.903,2.088,48621041.7
1647475200000,2.089,2.18,2.035,2.124,45423764.2
1647561600000,2.124,2.255,2.077,2.24,51627454.6
1647648000000,2.241,2.324,2.22,2.284,35711450.1
1647734400000,2.283,2.3,2.117,2.144,37075424.1
1647820800000,2.145,2.237,2.101,2.194,35975501.6
1647907200000,2.194,2.324,2.175,2.265,38096916.7
1647993600000,2.266,2.394,2.233,2.38,41444227.7
1648080000000,2.38,2.436,2.328,2.379,40176345.7
1648166400000,2.379,2.434,2.247,2.282,41293064.1
1648252800000,2.281,2.418,2.277,2.41,33107997.9
1648339200000,2.41,2.654,2.389,2.616,60388868.7
1648425600000,2.615,2.726,2.538,2.58,58223465.3
1648512000000,2.58,2.889,2.572,2.804,84472620.0
1648598400000,2.804,2.906,2.673,2.814,55680711.5
1648684800000,2.815,2.943,2.654,2.76,34566060.1
