1579219200000,2.669,2.896,2.592,2.696,8174258.39
1579305600000,2.696,2.799,2.56,2.774,7920982.41
1579392000000,2.777,2.854,2.519,2.623,9414962.4
1579478400000,2.623,2.745,2.544,2.695,7244721.52
1579564800000,2.694,2.745,2.561,2.673,5857502.02
1579651200000,2.675,2.694,2.626,2.654,3308776.35
1579737600000,2.656,2.659,2.43,2.471,5259106.64
1579824000000,2.47,2.542,2.35,2.504,3786409.71
1579910400000,2.506,2.515,2.436,2.448,2024211.4
1579996800000,2.449,2.582,2.429,2.575,1798455.47
1580083200000,2.579,2.683,2.561,2.608,3819200.89
1580169600000,2.61,2.678,2.588,2.656,3230957.43
1580256000000,2.659,2.839,2.644,2.781,5033997.71
1580342400000,2.781,2.95,2.706,2.914,6791645.62
1580428800000,2.917,2.929,2.762,2.825,3932003.6
1580515200000,2.83,2.888,2.737,2.841,2911735.11
1580601600000,2.84,2.894,2.737,2.832,3802570.97
1580688000000,2.832,2.884,2.747,2.782,3581271.52
1580774400000,2.78,2.806,2.676,2.741,4986574.63
1580860800000,2.743,2.891,2.732,2.843,6672109.53
1580947200000,2.843,2.97,2.794,2.902,6810869.82
1581033600000,2.902,3.365,2.9,3.311,21498629.65
1581120000000,3.31,3.48,3.11,3.42,13960201.73
1581206400000,3.419,3.525,3.232,3.504,10618619.75
1581292800000,3.503,3.511,3.272,3.388,12794908.32
1581379200000,3.389,3.999,3.353,3.989,20242362.25
1581465600000,3.992,4.2,3.861,3.988,21463540.02
1581552000000,3.996,4.141,3.669,3.878,15384991.48
1581638400000,3.877,4.494,3.797,4.43,16408846.63
1581724800000,4.434,4.632,4.05,4.328,25198236.75
1581811200000,4.327,4.884,4.0,4.454,36234506.95
1581897600000,4.45,4.567,3.854,4.302,29599801.05
1581984000000,4.308,4.656,4.139,4.564,22201270.68
1582070400000,4.56,4.869,4.172,4.386,22940583.81
1582156800000,4.386,4.481,4.066,4.267,17990206.45
1582243200000,4.268,4.51,4.18,4.275,14439042.63
1582329600000,4.276,4.348,4.052,4.105,13391901.76
1582416000000,4.105,4.378,4.072,4.236,12543473.13
1582502400000,4.239,4.295,3.801,3.923,17653202.98
1582588800000,3.923,3.964,3.478,3.491,21775940.01
1582675200000,3.49,3.85,3.312,3.564,33762852.07
1582761600000,3.564,4.116,3.41,3.956,28829556.63
1582848000000,3.956,4.246,3.736,4.161,29404884.64
1582934400000,4.161,4.347,4.052,4.062,24864103.87
1583020800000,4.056,4.24,3.756,3.858,27557121.23
1583107200000,3.862,4.327,3.816,4.242,25221263.83
1583193600000,4.242,4.68,4.131,4.591,31643156.84
1583280000000,4.591,4.953,4.535,4.635,41814186.91
1583366400000,4.634,4.9,4.617,4.707,27195074.19
1583452800000,4.71,4.748,4.538,4.683,22760436.87
1583539200000,4.683,4.688,4.31,4.342,23882647.15
1583625600000,4.342,4.398,3.834,4.059,48713759.73
1583712000000,4.059,4.371,3.6,4.12,62199105.65
1583798400000,4.12,4.2,3.913,4.08,36483260.51
1583884800000,4.079,4.109,3.55,3.815,36061699.63
1583971200000,3.811,3.85,1.75,1.993,98883403.15
1584057600000,1.99,2.747,1.364,2.426,74680139.44
1584144000000,2.427,2.514,2.051,2.129,32328472.46
1584230400000,2.128,2.401,2.005,2.086,29040023.13
1584316800000,2.086,2.086,1.53,1.785,63189586.38
1584403200000,1.783,2.071,1.728,1.861,39254830.14
1584489600000,1.861,1.96,1.756,1.948,29145064.61
1584576000000,1.949,2.385,1.885,2.241,38627307.2
1584662400000,2.241,2.629,2.01,2.26,46646667.19
1584748800000,2.26,2.376,2.1,2.28,21055692.28
1584835200000,2.281,2.33,1.925,1.981,20421362.33
1584921600000,1.984,2.283,1.926,2.245,24657741.05
1585008000000,2.246,2.373,2.19,2.311,19501709.49
1585094400000,2.31,2.352,2.179,2.254,14112900.81
1585180800000,2.256,2.313,2.202,2.313,8489670.5
1585267200000,2.311,2.362,2.1,2.131,8416287.77
1585353600000,2.131,2.151,2.038,2.131,13925185.4
1585440000000,2.13,2.147,2.002,2.006,8981680.13
1585526400000,2.006,2.197,2.002,2.134,11279154.93
1585612800000,2.133,2.3,2.108,2.259,10171831.55
1585699200000,2.261,2.31,2.142,2.276,18447514.13
1585785600000,2.276,2.456,2.256,2.294,19283942.92
1585872000000,2.293,2.384,2.267,2.301,9692728.91
1585958400000,2.3,2.342,2.253,2.315,7908413.24
1586044800000,2.316,2.323,2.242,2.264,4956710.65
1586131200000,2.264,2.564,2.264,2.55,13785765.67
1586217600000,2.55,2.911,2.547,2.729,43008269.8
1586304000000,2.73,3.27,2.709,3.171,42479244.47
1586390400000,3.17,3.48,3.122,3.313,61252280.71
1586476800000,3.312,3.324,2.941,3.22,70479253.59
1586563200000,3.218,3.434,3.06,3.286,64624324.33
1586649600000,3.286,3.638,3.165,3.414,67755148.33
1586736000000,3.411,3.459,3.185,3.365,58635180.47
1586822400000,3.366,3.443,3.201,3.249,36392064.67
1586908800000,3.248,3.3,3.1,3.119,39078370.35
1586995200000,3.12,3.58,2.96,3.486,47935169.47
1587081600000,3.487,3.535,3.38,3.454,22860047.76
1587168000000,3.453,3.837,3.443,3.782,32676418.3
1587254400000,3.782,3.809,3.512,3.588,34528134.86
1587340800000,3.588,3.795,3.368,3.431,48349742.38
1587427200000,3.431,3.57,3.379,3.457,33405925.84
1587513600000,3.457,3.688,3.429,3.676,27240240.28
1587600000000,3.676,3.937,3.594,3.761,30922748.15
1587686400000,3.762,3.895,3.74,3.78,19719107.28
1587772800000,3.78,3.913,3.747,3.79,15847102.51
1587859200000,3.79,3.819,3.617,3.723,22172119.89
1587945600000,3.723,3.743,3.461,3.636,27008173.19
1588032000000,3.637,3.74,3.557,3.648,19153846.14
1588118400000,3.646,4.019,3.633,3.895,36067115.78
1588204800000,3.896,3.987,3.628,3.709,31525918.43
1588291200000,3.708,3.921,3.705,3.764,18680066.8
1588377600000,3.764,3.872,3.731,3.819,11706080.24
1588464000000,3.818,3.874,3.639,3.716,11792615.23
1588550400000,3.715,3.834,3.506,3.753,24149955.31
1588636800000,3.753,3.827,3.658,3.685,12489562.59
1588723200000,3.685,3.769,3.572,3.595,12100688.06
1588809600000,3.595,3.858,3.566,3.764,18291026.07
1588896000000,3.765,3.864,3.693,3.801,15134803.39
1588982400000,3.803,4.225,3.766,4.023,35215660.19
1589068800000,4.022,4.029,3.409,3.761,34059847.35
1589155200000,3.762,3.838,3.288,3.587,22303488.36
1589241600000,3.588,3.799,3.544,3.698,14666352.6
1589328000000,3.698,3.822,3.633,3.768,10319592.34
1589414400000,3.768,3.865,3.695,3.81,11696927.96
1589500800000,3.811,3.837,3.62,3.665,8560581.47
1589587200000,3.664,3.79,3.62,3.763,6629632.65
1589673600000,3.763,3.855,3.755,3.783,6464190.09
1589760000000,3.781,3.957,3.78,3.891,10230574.44
1589846400000,3.891,3.954,3.777,3.947,8353172.85
1589932800000,3.946,4.14,3.894,4.086,20728883.42
1590019200000,4.086,4.175,3.74,3.831,23594129.48
1590105600000,3.83,4.146,3.8,4.061,16513237.66
1590192000000,4.061,4.107,3.91,3.929,12252734.3
1590278400000,3.929,4.03,3.786,3.79,13064110.88
1590364800000,3.794,3.909,3.77,3.865,8056320.29
1590451200000,3.867,3.886,3.772,3.846,7193089.12
1590537600000,3.847,3.917,3.807,3.857,6535533.79
1590624000000,3.856,4.063,3.83,4.044,7532220.62
1590710400000,4.045,4.132,3.951,3.981,9286608.08
1590796800000,3.981,4.187,3.943,4.183,8840742.11
1590883200000,4.183,4.289,4.041,4.133,12796267.47
1590969600000,4.132,4.484,4.123,4.393,20163348.45
1591056000000,4.392,4.625,4.1,4.4,18992993.74
1591142400000,4.4,4.536,4.289,4.494,9758675.62
1591228800000,4.492,4.513,4.287,4.434,10267558.92
1591315200000,4.43,4.49,4.343,4.363,6815261.19
1591401600000,4.362,4.4,4.308,4.355,3780546.45
1591488000000,4.356,4.41,4.211,4.353,5722980.16
1591574400000,4.353,4.48,4.329,4.478,5651074.21
1591660800000,4.478,4.515,4.367,4.442,6592083.07
1591747200000,4.443,4.446,4.352,4.425,5449053.31
1591833600000,4.427,4.458,3.89,3.962,14317863.64
1591920000000,3.962,4.191,3.858,4.087,8040478.12
1592006400000,4.087,4.132,4.007,4.112,3047404.22
1592092800000,4.112,4.116,3.918,3.942,3813824.62
1592179200000,3.944,3.989,3.657,3.929,14035947.23
1592265600000,3.93,4.09,3.893,4.048,12237956.25
1592352000000,4.048,4.189,3.961,4.163,11307298.16
1592438400000,4.163,4.245,4.092,4.136,9663118.86
1592524800000,4.139,4.187,4.052,4.096,8115452.43
1592611200000,4.096,4.207,4.064,4.179,8618121.63
1592697600000,4.178,4.207,4.14,4.184,4543384.51
1592784000000,4.183,4.486,4.178,4.48,11954634.78
1592870400000,4.48,4.94,4.426,4.805,28619709.7
1592956800000,4.805,4.941,4.5,4.71,25690670.79
1593043200000,4.71,4.838,4.5,4.804,20793900.68
1593129600000,4.806,4.859,4.643,4.68,14732769.59
1593216000000,4.681,4.693,4.3,4.408,13770640.43
1593302400000,4.406,4.615,4.334,4.568,10969156.02
1593388800000,4.568,4.649,4.423,4.618,10291801.62
1593475200000,4.619,4.664,4.539,4.564,7283213.44
1593561600000,4.564,4.73,4.52,4.705,8757356.59
1593648000000,4.706,4.92,4.596,4.796,17978082.76
1593734400000,4.796,4.895,4.702,4.731,9450202.22
1593820800000,4.73,4.858,4.72,4.817,5472867.27
1593907200000,4.817,4.836,4.622,4.749,7702041.57
1593993600000,4.748,5.517,4.737,5.367,25673370.36
1594080000000,5.367,5.898,5.336,5.734,39442255.08
1594166400000,5.734,6.61,5.6,6.502,44434386.17
1594252800000,6.502,6.505,5.679,6.09,34032722.75
1594339200000,6.09,6.21,5.7,6.151,24825833.65
1594425600000,6.149,6.276,5.962,6.109,13419694.03
1594512000000,6.109,7.39,6.105,7.328,56742858.96
1594598400000,7.326,8.58,6.859,7.157,83840725.3
1594684800000,7.157,8.359,6.95,8.113,66580036.61
1594771200000,8.113,8.979,7.818,8.64,65989670.25
1594857600000,8.64,8.887,7.911,8.341,62870582.6
1594944000000,8.344,8.63,8.188,8.264,27425086.67
1595030400000,8.263,8.264,7.643,7.968,29718954.99
1595116800000,7.968,8.197,7.777,8.082,19949522.19
1595203200000,8.085,8.143,7.116,7.241,35642424.67
1595289600000,7.238,7.676,6.9,7.306,36127431.48
1595376000000,7.309,7.62,7.084,7.479,31441097.61
1595462400000,7.479,8.08,7.406,7.887,34014746.18
1595548800000,7.891,7.915,7.381,7.425,23622137.29
1595635200000,7.425,7.798,7.368,7.678,18163061.68
1595721600000,7.68,7.95,7.064,7.499,28180679.46
1595808000000,7.499,7.499,6.444,7.091,43502286.05
1595894400000,7.092,7.422,6.902,7.232,20335821.96
1595980800000,7.235,7.465,6.979,7.083,18090614.31
1596067200000,7.084,7.57,7.016,7.405,19724654.06
1596153600000,7.402,7.847,7.402,7.793,21185421.92
1596240000000,7.793,8.481,7.623,8.32,21918189.47
1596326400000,8.319,8.8,6.609,8.276,56743927.93
1596412800000,8.277,9.268,8.132,9.234,33847377.57
1596499200000,9.234,9.93,9.058,9.839,45267886.95
1596585600000,9.839,9.845,9.3,9.516,22406955.08
1596672000000,9.516,10.29,9.427,10.217,23518847.72
1596758400000,10.22,10.24,8.984,10.116,30373774.1
1596844800000,10.123,14.7,9.92,12.713,64489589.89
1596931200000,12.717,14.48,12.0,13.805,63537773.2
1597017600000,13.809,14.4,12.356,13.493,38424580.89
1597104000000,13.494,13.555,12.092,13.013,38342035.66
1597190400000,13.005,16.83,12.6,16.463,59153442.58
1597276800000,16.468,18.385,15.8,17.196,76351620.31
1597363200000,17.193,17.646,16.3,16.965,32979168.81
1597449600000,16.966,19.968,16.564,19.228,48896679.82
1597536000000,19.228,20.296,18.508,18.848,32510418.45
1597622400000,18.847,19.8,15.62,16.812,37262381.78
1597708800000,16.812,17.698,14.65,16.202,62666686.24
1597795200000,16.202,17.274,14.866,16.209,49298553.33
1597881600000,16.217,16.82,15.727,16.091,26172496.37
1597968000000,16.09,16.192,12.897,13.85,58818372.55
1598054400000,13.853,16.347,13.667,15.823,40220876.2
1598140800000,15.817,16.017,14.666,15.172,24963800.28
1598227200000,15.174,15.899,14.7,15.165,20815127.36
1598313600000,15.165,15.4,13.455,14.131,32835548.57
1598400000000,14.124,15.69,14.065,15.228,28368424.11
1598486400000,15.225,15.56,13.988,14.531,28233193.18
1598572800000,14.531,15.521,14.247,15.135,16290629.9
1598659200000,15.135,17.059,14.982,16.367,27169740.23
1598745600000,16.371,17.798,16.361,16.498,28119135.61
1598832000000,16.5,16.968,15.505,15.586,22823001.45
1598918400000,15.585,16.525,15.066,16.058,22436022.19
1599004800000,16.052,16.397,13.92,14.799,26495212.37
1599091200000,14.803,15.0,10.9,11.861,44366671.89
1599177600000,11.857,12.923,10.981,12.372,48990137.85
1599264000000,12.377,12.773,8.955,10.6,60737926.72
1599350400000,10.6,13.25,9.7,12.8,47258475.6
1599436800000,12.802,13.175,11.158,12.462,46024604.81
1599523200000,12.462,12.735,11.026,11.737,32937123.03
1599609600000,11.738,12.667,11.433,12.343,21959891.07
1599696000000,12.344,13.281,12.11,12.506,26198088.59
1599782400000,12.501,12.695,12.015,12.435,17891482.36
1599868800000,12.44,12.75,12.089,12.729,13818410.0
1599955200000,12.722,13.238,11.738,12.064,23674965.73
1600041600000,12.068,12.398,11.63,12.137,18472733.96
1600128000000,12.136,12.249,10.728,10.921,22823211.87
1600214400000,10.921,11.28,10.475,10.735,22958478.09
1600300800000,10.736,11.68,10.495,11.016,24904266.69
1600387200000,11.016,11.139,9.782,10.094,18302072.8
1600473600000,10.093,10.501,9.877,10.124,13045683.23
1600560000000,10.124,10.63,9.454,9.74,18592209.46
1600646400000,9.736,9.929,8.451,8.706,42532350.62
1600732800000,8.708,9.073,8.52,8.733,23028768.9
1600819200000,8.732,8.791,7.309,7.64,44512055.74
1600905600000,7.642,10.4,7.464,9.865,69839000.3
1600992000000,9.867,11.184,9.363,10.714,53364822.59
1601078400000,10.714,11.094,9.964,10.306,34529204.51
1601164800000,10.306,10.985,9.88,10.788,29923709.78
1601251200000,10.789,11.07,10.135,10.278,24536583.92
1601337600000,10.279,10.382,9.43,10.129,32843995.82
1601424000000,10.13,10.237,9.563,9.859,21520365.32
1601510400000,9.859,10.41,9.27,9.632,30126992.37
1601596800000,9.631,9.84,8.794,9.202,36069781.61
1601683200000,9.202,9.533,9.088,9.26,16553541.83
1601769600000,9.26,9.45,9.102,9.383,14406808.83
1601856000000,9.379,9.731,9.256,9.605,18648729.91
1601942400000,9.605,9.652,8.55,8.765,24695613.36
1602028800000,8.767,9.013,8.377,8.963,23601163.19
1602115200000,8.964,9.676,8.422,9.544,29266373.29
1602201600000,9.547,10.51,9.356,10.386,33083861.61
1602288000000,10.386,10.92,10.36,10.514,28957533.13
1602374400000,10.513,11.026,10.147,10.834,27341343.75
1602460800000,10.833,11.793,10.67,11.418,40756788.84
1602547200000,11.418,11.573,10.516,10.998,32870784.8
1602633600000,10.998,11.332,10.611,10.888,27901241.39
1602720000000,10.887,10.933,10.47,10.752,26314780.71
1602806400000,10.752,10.89,10.261,10.58,22661944.59
1602892800000,10.58,10.71,10.41,10.616,12613371.43
1602979200000,10.616,10.98,10.588,10.936,12611068.83
1603065600000,10.935,11.227,10.651,10.92,20335335.94
1603152000000,10.92,10.937,9.756,9.852,27648638.38
1603238400000,9.852,11.14,9.781,10.78,33429384.18
1603324800000,10.781,12.426,10.711,11.948,38880465.04
1603411200000,11.949,12.274,11.58,12.156,32217748.85
1603497600000,12.153,12.95,11.979,12.691,28357758.3
1603584000000,12.692,12.85,11.9,12.148,23604517.94
1603670400000,12.146,12.45,11.256,11.701,31578187.37
1603756800000,11.701,12.465,11.487,11.912,28666562.26
1603843200000,11.911,12.158,11.14,11.434,27746823.8
1603929600000,11.433,11.803,11.068,11.269,25675225.34
1604016000000,11.269,11.476,10.75,11.091,26922783.1
1604102400000,11.092,11.396,10.906,11.222,17396073.25
1604188800000,11.222,11.59,11.015,11.57,14207461.0
1604275200000,11.569,11.69,10.707,10.779,27027561.19
1604361600000,10.779,10.782,9.953,10.394,31587442.06
1604448000000,10.392,10.666,9.741,10.469,33576738.1
1604534400000,10.469,11.271,10.077,10.971,36879942.16
1604620800000,10.971,12.294,10.916,12.171,37423777.89
1604707200000,12.172,13.741,11.45,11.766,77770982.99
1604793600000,11.765,13.1,11.475,12.71,35995976.3
1604880000000,12.71,13.013,12.044,12.508,42897592.85
1604966400000,12.508,13.3,12.306,13.018,40236421.05
1605052800000,13.017,13.438,12.745,12.757,30859101.61
1605139200000,12.758,13.097,12.262,12.405,27372203.02
1605225600000,12.405,13.012,12.299,12.867,26716326.22
1605312000000,12.867,12.938,12.316,12.565,16818505.51
1605398400000,12.566,12.662,11.815,12.121,18833935.23
1605484800000,12.123,12.825,11.991,12.628,21690526.14
1605571200000,12.629,13.473,12.556,13.427,32835123.79
1605657600000,13.426,14.394,12.51,13.573,54462879.99
1605744000000,13.575,14.03,13.017,13.62,30165360.11
1605830400000,13.62,14.517,13.471,14.106,32701563.92
1605916800000,14.106,15.56,13.68,15.477,44234287.94
1606003200000,15.48,15.75,13.8,14.528,42454919.12
1606089600000,14.526,15.448,14.279,15.279,35992453.25
1606176000000,15.278,16.413,14.96,15.694,49938508.96
1606262400000,15.693,15.918,13.795,14.226,30426675.6
1606348800000,14.226,14.484,11.14,12.6,74641921.48
1606435200000,12.6,12.947,11.952,12.51,27988751.21
1606521600000,12.511,13.433,12.36,13.09,20781408.66
1606608000000,13.087,13.488,12.848,13.395,18889787.0
1606694400000,13.396,14.467,13.394,14.284,30242914.8
1606780800000,14.287,14.885,13.061,13.358,36355839.36
1606867200000,13.359,14.171,13.055,13.995,19765625.25
1606953600000,13.995,14.244,13.668,13.985,15606882.53
1607040000000,13.986,14.053,12.5,12.689,17842591.82
1607126400000,12.685,13.357,12.53,13.177,13746693.91
1607212800000,13.177,13.55,12.771,13.519,13001058.02
1607299200000,13.52,13.574,12.88,13.082,10074465.96
1607385600000,13.083,13.207,11.994,12.135,15423214.84
1607472000000,12.14,12.832,11.568,12.617,21962464.29
1607558400000,12.616,12.671,11.855,11.916,11104064.24
1607644800000,11.916,11.994,11.423,11.644,16134782.51
1607731200000,11.645,12.358,11.603,12.228,12897473.52
1607817600000,12.229,13.277,12.026,12.941,17512226.03
1607904000000,12.942,12.991,12.322,12.858,15682282.1
1607990400000,12.858,13.034,12.47,12.692,10675359.81
1608076800000,12.693,13.519,12.313,13.498,19839160.1
1608163200000,13.497,14.547,13.1,13.457,37795134.7
1608249600000,13.457,14.038,13.187,13.517,18652767.65
1608336000000,13.518,14.007,13.311,13.486,14656408.42
1608422400000,13.487,13.819,12.65,13.064,17512162.52
1608508800000,13.064,13.287,12.082,12.317,19505156.54
1608595200000,12.314,12.848,11.809,12.788,18929126.96
1608681600000,12.788,12.87,8.022,10.972,47463792.21
1608768000000,10.971,11.683,9.849,11.563,40364233.42
1608854400000,11.562,11.915,11.05,11.56,23552756.6
1608940800000,11.561,11.816,10.62,10.98,25207042.05
1609027200000,10.98,13.274,10.478,12.169,49945357.04
1609113600000,12.172,12.974,11.979,12.62,33021138.05
1609200000000,12.619,13.057,10.806,11.781,33522575.32
1609286400000,11.779,11.99,11.071,11.248,21085878.86
1609372800000,11.248,11.756,10.944,11.244,18778512.86
1609459200000,11.244,12.485,11.071,11.869,23199628.14
1609545600000,11.868,12.455,11.456,12.226,25747352.18
1609632000000,12.228,14.069,11.85,13.719,44451096.87
1609718400000,13.724,15.86,12.333,13.611,66724684.51
1609804800000,13.61,14.931,13.113,14.531,40608542.36
1609891200000,14.537,17.366,14.158,17.29,49259450.11
1609977600000,17.295,17.52,15.078,15.989,41306461.24
1610064000000,15.99,16.262,14.13,15.251,41229302.63
1610150400000,15.253,17.936,15.004,17.589,33525639.35
1610236800000,17.595,18.498,15.488,16.228,38916176.03
1610323200000,16.221,16.281,12.5,14.657,55281912.66
1610409600000,14.655,15.495,13.684,13.982,30519127.87
1610496000000,13.978,16.254,13.376,15.952,26764681.9
1610582400000,15.956,18.047,15.35,18.023,27785906.34
1610668800000,18.027,21.682,17.562,20.766,88211876.93
1610755200000,20.768,23.067,19.655,20.13,60270706.38
1610841600000,20.134,23.78,19.388,23.286,47435718.56
1610928000000,23.279,23.75,21.085,22.069,29969769.86
1611014400000,22.067,22.93,20.398,20.585,26192768.9
1611100800000,20.564,21.991,19.055,21.867,31757963.44
1611187200000,21.861,22.086,18.06,18.441,37677979.27
1611273600000,18.437,22.548,17.111,21.578,41249960.45
1611360000000,21.58,25.56,21.163,24.824,48751117.46
1611446400000,24.827,24.988,23.1,24.831,30307266.89
1611532800000,24.835,25.845,22.613,23.367,30125870.31
1611619200000,23.367,23.993,21.669,23.132,24465211.72
1611705600000,23.128,23.272,20.282,20.989,25834468.1
1611792000000,20.986,24.516,20.521,23.02,26582152.09
1611878400000,23.031,24.324,22.085,22.781,23877037.88
1611964800000,22.779,24.033,22.188,23.699,14836039.42
1612051200000,23.694,24.797,22.1,22.609,16761323.56
1612137600000,22.601,23.236,21.65,22.928,11858578.09
1612224000000,22.92,24.234,22.77,23.725,13803273.96
1612310400000,23.734,25.659,23.62,25.131,19642921.65
1612396800000,25.139,26.278,22.687,24.519,25315599.35
1612483200000,24.516,27.133,24.45,26.352,25252177.41
1612569600000,26.353,26.893,24.207,25.102,17791985.51
1612656000000,25.102,25.354,22.781,24.777,16162844.99
1612742400000,24.774,26.08,24.002,25.465,17094624.41
1612828800000,25.47,28.079,25.043,27.667,21181577.63
1612915200000,27.659,28.744,24.65,26.853,30207935.11
1613001600000,26.848,28.662,26.225,27.895,16107859.39
1613088000000,27.894,31.55,26.713,30.713,21176420.47
1613174400000,30.713,35.0,29.135,34.316,26919047.02
1613260800000,34.313,35.8,32.306,33.215,21213347.53
1613347200000,33.215,35.0,27.07,32.683,27873371.81
1613433600000,32.681,33.498,30.807,32.004,17318155.55
1613520000000,32.013,32.796,30.033,32.289,12714169.79
1613606400000,32.288,33.718,31.835,32.524,11374610.58
1613692800000,32.524,35.695,31.404,34.766,17905953.39
1613779200000,34.771,37.075,31.912,33.977,23005394.74
1613865600000,33.977,35.36,33.3,34.13,10980165.51
1613952000000,34.133,34.264,24.84,31.486,32969976.28
1614038400000,31.494,31.716,20.671,25.986,46453168.52
1614124800000,25.987,29.357,24.53,28.101,24493231.56
1614211200000,28.104,28.73,24.389,24.721,17698203.13
1614297600000,24.726,27.03,23.662,25.196,19285007.3
1614384000000,25.202,27.433,24.868,26.193,14360003.9
1614470400000,26.191,26.766,22.873,24.714,17362192.5
1614556800000,24.719,27.77,24.602,27.735,12363338.92
1614643200000,27.739,30.569,27.299,28.51,18476504.01
1614729600000,28.511,31.498,28.16,29.854,13482513.18
1614816000000,29.848,30.61,27.23,27.721,14937028.95
1614902400000,27.722,28.26,25.7,27.862,12958399.59
1614988800000,27.857,28.414,26.317,28.166,8069283.74
1615075200000,28.166,29.15,27.39,28.603,8615063.49
1615161600000,28.603,31.894,28.276,31.892,16035105.16
1615248000000,31.881,32.07,30.4,31.539,10415385.51
1615334400000,31.547,31.862,29.3,29.919,12469116.78
1615420800000,29.92,30.519,28.538,30.175,12944949.94
1615507200000,30.172,30.489,27.673,28.393,13438138.42
1615593600000,28.396,30.63,26.908,29.8,14088994.14
1615680000000,29.813,30.264,28.542,28.57,9545989.23
1615766400000,28.561,29.496,26.8,27.525,14876201.55
1615852800000,27.513,28.196,26.38,27.947,10097400.06
1615939200000,27.945,31.274,27.312,31.095,20277449.06
1616025600000,31.096,31.411,29.009,29.444,12141739.22
1616112000000,29.435,30.598,28.696,29.806,8601231.44
1616198400000,29.807,31.5,29.6,29.687,8901419.39
1616284800000,29.691,30.12,28.605,29.25,7093741.23
1616371200000,29.249,29.485,27.069,27.286,8800684.56
1616457600000,27.283,27.961,26.66,26.802,7717688.8
1616544000000,26.803,27.919,23.465,24.872,13681099.51
1616630400000,24.876,26.668,24.441,25.561,15043764.97
1616716800000,25.561,27.435,25.4,27.422,8471453.39
1616803200000,27.419,27.52,26.032,26.913,6106158.74
1616889600000,26.909,27.71,26.115,26.687,6591966.78
1616976000000,26.686,28.67,26.417,28.06,8988557.46
1617062400000,28.06,28.639,27.459,27.865,6669709.33
1617148800000,27.86,29.482,26.186,29.479,13508899.38
1617235200000,29.475,31.2,29.362,30.107,13934635.26
1617321600000,30.113,32.612,29.566,32.552,13258143.45
1617408000000,32.546,33.299,29.189,29.322,17330426.38
1617494400000,29.329,31.515,28.7,30.791,9891081.87
1617580800000,30.789,32.713,29.654,32.459,13313324.55
1617667200000,32.457,34.981,31.35,34.775,26296696.94
1617753600000,34.777,35.242,30.246,31.149,25012023.39
1617840000000,31.151,32.955,30.959,32.821,9779426.77
1617926400000,32.819,33.336,31.25,31.639,7912442.84
1618012800000,31.64,33.143,30.985,31.95,9318598.42
1618099200000,31.949,34.573,31.787,33.964,12824342.83
1618185600000,33.961,34.261,31.9,33.168,10338863.09
1618272000000,33.163,36.061,32.45,35.592,16752739.15
1618358400000,35.593,42.078,34.88,41.434,41009085.88
1618444800000,41.436,44.5,39.77,42.625,32562898.67
1618531200000,42.633,43.405,38.5,41.993,29767547.46
1618617600000,41.995,44.18,39.899,39.977,19613252.21
1618704000000,39.978,40.427,29.453,39.103,53812603.13
1618790400000,39.103,42.046,34.839,35.771,37136303.0
1618876800000,35.778,39.426,33.223,39.0,30852438.65
1618963200000,38.993,39.509,35.9,36.281,19124888.71
1619049600000,36.281,40.919,33.799,35.162,30895363.11
1619136000000,35.164,35.983,30.0,35.217,39289196.73
1619222400000,35.226,35.345,31.017,31.254,16217105.74
1619308800000,31.256,33.454,29.824,31.697,14853159.13
1619395200000,31.697,35.319,31.382,35.151,15079275.62
1619481600000,35.151,37.699,34.514,36.805,14114942.26
1619568000000,36.805,37.85,34.972,36.275,14061488.45
1619654400000,36.286,37.5,35.04,36.513,14163071.36
1619740800000,36.512,38.853,35.856,38.142,12259374.16
1619827200000,38.142,41.298,37.5,41.298,11757024.98
1619913600000,41.298,41.5,38.739,39.502,13594505.11
1620000000000,39.501,42.783,39.095,42.12,15455169.85
1620086400000,42.127,48.646,38.5,45.544,44132347.81
1620172800000,45.574,51.267,44.881,49.664,30775126.85
1620259200000,49.664,50.108,45.31,47.184,23548618.05
1620345600000,47.192,52.06,45.737,49.175,22360409.27
1620432000000,49.179,50.325,46.52,48.666,13185544.23
1620518400000,48.666,52.501,45.81,52.311,20277347.29
1620604800000,52.312,53.07,40.16,46.341,24843584.24
1620691200000,46.361,48.922,44.608,48.831,14420311.8
1620777600000,48.828,49.916,40.83,41.609,19792073.19
1620864000000,41.633,45.0,39.158,43.309,22274225.4
1620950400000,43.309,47.91,42.936,46.619,11883486.73
1621036800000,46.618,47.867,41.021,41.53,15235392.21
1621123200000,41.531,44.703,37.989,40.696,17326913.75
1621209600000,40.693,40.716,35.08,37.203,22441073.04
1621296000000,37.198,44.698,36.677,42.6,22650164.44
1621382400000,42.604,43.549,19.541,26.249,53720729.37
1621468800000,26.222,33.019,22.366,30.631,38770360.75
1621555200000,30.645,31.969,22.047,25.552,27649538.76
1621641600000,25.549,26.206,22.218,23.3,21454739.41
1621728000000,23.302,24.363,14.98,19.836,43279753.13
1621814400000,19.839,26.42,19.655,26.404,29457902.52
1621900800000,26.404,27.646,23.662,27.517,24673923.86
1621987200000,27.514,34.293,26.831,34.004,29338106.41
1622073600000,34.011,35.343,30.052,31.722,27842710.37
1622160000000,31.732,32.168,26.808,27.866,31791079.47
1622246400000,27.866,29.738,24.107,25.361,23285184.33
1622332800000,25.356,29.162,23.624,26.805,22348463.1
1622419200000,26.808,32.15,25.562,32.098,21617431.44
1622505600000,32.097,32.654,29.048,30.715,18597933.08
1622592000000,30.724,32.23,29.655,30.67,12854623.58
1622678400000,30.671,32.855,30.01,32.208,13117370.16
1622764800000,32.209,32.282,27.155,28.83,20317441.24
1622851200000,28.833,30.209,26.05,27.124,15918636.5
1622937600000,27.119,28.196,26.816,27.537,9001714.67
1623024000000,27.534,28.696,24.229,24.581,17770947.48
1623110400000,24.576,25.103,21.329,24.079,30326554.33
1623196800000,24.077,25.626,22.42,25.587,24009967.96
1623283200000,25.578,25.78,22.714,23.119,15876199.44
1623369600000,23.125,23.383,20.957,21.467,15950194.78
1623456000000,21.458,22.283,19.974,21.65,21310659.17
1623542400000,21.651,23.869,20.39,23.304,21537342.94
1623628800000,23.309,25.268,22.827,24.954,19496478.6
1623715200000,24.952,26.45,24.393,24.49,20559667.16
1623801600000,24.49,24.641,22.911,23.035,20202079.27
1623888000000,23.034,24.444,22.792,23.4,15169245.76
1623974400000,23.4,23.428,20.514,21.232,20808470.37
1624060800000,21.231,21.953,20.164,20.256,14719736.25
1624147200000,20.255,22.064,19.06,21.644,21211242.24
1624233600000,21.637,21.875,16.983,17.352,47142677.59
1624320000000,17.352,18.784,14.964,16.849,52749553.87
1624406400000,16.843,19.197,16.141,18.379,27317912.25
1624492800000,18.382,19.525,17.344,19.055,19539021.2
1624579200000,19.054,19.498,16.801,16.859,24842840.37
1624665600000,16.86,17.49,15.913,16.938,22403952.33
1624752000000,16.935,18.4,16.58,18.389,18679897.73
1624838400000,18.391,19.428,17.909,18.832,18497207.5
1624924800000,18.832,20.548,18.736,19.533,21430064.72
1625011200000,19.535,19.776,18.136,19.519,21329071.72
1625097600000,19.52,19.527,17.593,18.169,18816306.71
1625184000000,18.169,18.525,17.256,18.269,16596038.42
1625270400000,18.264,18.892,17.85,18.543,10876147.48
1625356800000,18.542,19.91,17.983,19.237,14136271.56
1625443200000,19.239,19.245,17.763,18.353,17973633.21
1625529600000,18.353,20.272,18.302,20.067,23226088.67
1625616000000,20.066,21.27,19.614,19.783,22789911.93
1625702400000,19.784,19.871,18.126,18.362,21891688.31
1625788800000,18.362,18.858,17.62,18.648,18317596.08
1625875200000,18.648,18.98,17.72,18.2,12497408.81
1625961600000,18.201,18.576,17.858,18.381,10368851.74
1626048000000,18.38,18.6,17.123,17.506,13307368.67
1626134400000,17.506,17.764,16.656,16.869,13673178.8
1626220800000,16.87,17.402,16.0,16.935,16390673.32
1626307200000,16.935,17.229,15.514,15.76,17176590.9
1626393600000,15.764,16.33,15.129,15.234,16405715.16
1626480000000,15.233,15.692,15.01,15.342,17211416.09
1626566400000,15.343,16.076,15.13,15.469,14585268.54
1626652800000,15.471,15.642,14.392,14.521,21041880.89
1626739200000,14.521,14.78,13.363,13.73,27803769.35
1626825600000,13.731,15.791,13.45,15.295,25444647.71
1626912000000,15.294,16.167,14.952,16.064,17590024.73
1626998400000,16.064,16.567,15.227,16.497,15329864.72
1627084800000,16.496,17.129,16.3,16.671,14271641.92
1627171200000,16.677,17.054,16.139,16.728,13038298.22
1627257600000,16.726,19.955,16.64,18.025,37471266.41
1627344000000,18.019,19.573,17.595,19.477,23071403.58
1627430400000,19.475,19.99,18.6,19.108,22191886.14
1627516800000,19.106,19.464,18.579,19.364,13287900.27
1627603200000,19.364,22.698,18.813,22.262,48896212.36
1627689600000,22.255,23.381,21.26,22.721,28379395.06
1627776000000,22.72,23.933,21.771,22.067,29394033.04
1627862400000,22.066,23.995,21.4,23.482,27093161.52
1627948800000,23.482,24.452,22.091,23.945,37523155.22
1628035200000,23.95,25.0,22.863,24.204,30313775.29
1628121600000,24.198,24.345,22.455,24.064,24978830.67
1628208000000,24.063,24.41,23.07,23.899,21852429.38
1628294400000,23.898,25.186,23.626,24.708,21810454.34
1628380800000,24.708,24.956,22.559,23.034,19124343.71
1628467200000,23.034,24.7,22.076,24.205,20075120.94
1628553600000,24.201,25.55,23.736,24.556,21536705.46
1628640000000,24.562,27.344,24.474,25.92,24160107.01
1628726400000,25.923,26.953,24.12,24.948,20652509.07
1628812800000,24.95,27.796,24.724,27.769,17155840.82
1628899200000,27.778,28.0,26.409,27.17,17271467.32
1628985600000,27.17,28.016,25.931,27.94,14296557.21
1629072000000,27.936,30.568,27.662,27.961,28011189.61
1629158400000,27.96,30.338,25.9,26.156,31014425.39
1629244800000,26.159,26.94,24.856,25.354,24654568.68
1629331200000,25.349,27.151,24.51,27.12,20677931.61
1629417600000,27.112,29.088,26.645,28.708,18819350.51
1629504000000,28.716,29.205,27.663,27.867,17899999.38
1629590400000,27.86,28.698,26.8,28.007,14272803.08
1629676800000,28.007,29.367,27.8,28.6,16327776.31
1629763200000,28.594,28.957,25.727,25.741,17649607.21
1629849600000,25.741,26.909,25.277,26.63,16114546.19
1629936000000,26.633,26.965,23.881,24.4,18542292.2
1630022400000,24.4,26.176,24.01,26.068,15469055.33
1630108800000,26.073,26.221,25.371,25.765,8967688.5
1630195200000,25.766,26.609,25.149,25.791,12181694.1
1630281600000,25.786,26.515,24.294,25.059,14589150.83
1630368000000,25.058,27.575,24.706,26.719,22696368.44
1630454400000,26.72,29.87,26.11,29.756,26024602.28
1630540800000,29.752,30.919,28.8,29.984,21441727.97
1630627200000,29.983,31.8,29.094,30.793,22435294.12
1630713600000,30.794,31.215,29.453,29.914,14402212.8
1630800000000,29.92,33.684,29.565,33.63,19583615.79
1630886400000,33.623,36.386,32.477,34.842,34794877.73
1630972800000,34.836,35.393,22.046,28.254,55129260.41
1631059200000,28.254,29.21,25.191,27.175,28789753.97
1631145600000,27.175,30.205,26.5,28.017,24095492.93
1631232000000,28.021,29.587,25.633,26.399,25627222.79
1631318400000,26.397,27.707,26.257,27.024,13295373.29
1631404800000,27.017,29.8,26.364,29.446,16627073.82
1631491200000,29.446,29.976,25.086,26.97,28253462.14
1631577600000,26.965,30.874,26.734,30.813,24483854.61
1631664000000,30.815,31.479,29.6,30.692,23976921.13
1631750400000,30.692,32.141,29.057,29.824,22342337.24
1631836800000,29.824,30.148,27.385,27.76,17983244.78
1631923200000,27.761,29.463,27.402,28.415,10969450.53
1632009600000,28.411,28.821,26.921,27.389,9916863.13
1632096000000,27.387,27.444,22.969,23.572,27453333.02
1632182400000,23.568,24.379,20.802,21.433,25485235.11
1632268800000,21.429,24.506,21.012,24.443,16431579.61
1632355200000,24.443,25.475,23.401,25.414,15260122.74
1632441600000,25.411,25.499,21.334,23.257,22558434.39
1632528000000,23.256,24.689,22.029,24.485,16302762.14
1632614400000,24.486,25.363,22.336,24.588,28349018.41
1632700800000,24.591,25.465,22.945,23.004,15441266.27
1632787200000,23.004,23.736,21.977,22.076,16758362.77
1632873600000,22.077,23.921,22.0,22.843,14326954.97
1632960000000,22.845,24.382,22.704,23.987,14088364.97
1633046400000,23.988,26.717,23.571,26.318,16521365.32
1633132800000,26.325,27.813,25.822,26.884,12292347.5
1633219200000,26.883,28.186,26.502,27.584,11797690.3
1633305600000,27.585,27.677,25.568,26.626,14460884.33
1633392000000,26.627,27.526,26.181,27.265,13388192.14
1633478400000,27.266,28.228,25.207,26.817,19230728.31
1633564800000,26.821,27.766,25.912,26.865,16591059.97
1633651200000,26.866,27.5,26.048,26.41,14155528.0
1633737600000,26.417,27.958,26.043,27.474,13949460.53
1633824000000,27.474,27.519,25.445,25.553,12614528.93
1633910400000,25.549,26.8,24.634,25.227,13656149.84
1633996800000,25.228,25.26,23.518,24.661,16337652.02
1634083200000,24.65,25.694,24.161,25.694,15314746.33
1634169600000,25.695,27.911,25.401,26.75,20559605.25
1634256000000,26.748,27.424,26.027,27.035,17871679.07
1634342400000,27.037,28.755,26.968,27.246,19737947.97
1634428800000,27.245,27.662,25.551,26.568,13290033.72
1634515200000,26.568,26.762,25.27,25.732,12611938.14
1634601600000,25.731,26.316,25.371,25.936,11498215.66
1634688000000,25.934,27.685,25.871,27.514,14827205.95
1634774400000,27.511,29.372,27.2,28.314,32859227.29
1634860800000,28.312,30.064,28.038,28.69,25601336.84
1634947200000,28.691,31.498,28.324,31.39,27118581.77
1635033600000,31.39,31.548,28.743,29.716,18755835.52
1635120000000,29.715,32.961,29.551,32.402,24155990.98
1635206400000,32.407,33.861,31.33,32.552,21568125.66
1635292800000,32.556,33.958,27.348,28.887,36158863.37
1635379200000,28.887,30.876,28.614,30.2,21010372.02
1635465600000,30.2,31.985,29.958,30.995,16020286.22
1635552000000,30.995,31.144,29.161,29.823,10792725.49
1635638400000,29.815,30.722,28.65,30.019,11733976.21
1635724800000,30.024,31.912,29.188,31.706,15589553.15
1635811200000,31.707,32.535,31.035,32.298,11726916.41
1635897600000,32.298,32.834,30.572,31.983,13118971.57
1635984000000,31.983,32.148,30.216,31.004,9897984.78
1636070400000,31.003,33.75,30.672,32.89,18738266.09
1636156800000,32.891,33.249,30.729,32.044,11251614.11
1636243200000,32.048,32.63,31.707,32.37,7601975.33
1636329600000,32.369,34.863,32.213,34.509,16978807.97
1636416000000,34.52,35.66,33.346,33.855,16316490.68
1636502400000,33.856,38.376,31.5,34.234,37688003.13
1636588800000,34.234,36.969,33.371,34.69,24274420.28
1636675200000,34.688,35.517,32.67,34.272,19036048.7
1636761600000,34.272,34.616,33.198,34.01,9529663.25
1636848000000,34.01,34.442,32.522,33.77,8749502.35
1636934400000,33.77,34.538,32.003,32.09,11261366.19
1637020800000,32.081,32.091,27.52,29.164,25178345.49
1637107200000,29.164,29.743,28.028,29.215,12192547.35
1637193600000,29.214,29.722,25.8,26.547,20133282.7
1637280000000,26.555,28.849,26.083,28.278,13801057.43
1637366400000,28.279,28.737,27.28,28.383,10455310.89
1637452800000,28.383,29.259,27.708,29.004,10114767.89
1637539200000,29.005,29.095,26.3,26.767,13114148.64
1637625600000,26.766,27.591,26.141,26.963,11212884.45
1637712000000,26.964,27.178,25.177,25.601,10874584.08
1637798400000,25.601,27.625,25.4,26.439,11890527.98
1637884800000,26.439,26.617,22.8,23.965,23755916.89
1637971200000,23.962,25.002,23.778,24.103,10149531.11
1638057600000,24.1,25.0,22.603,24.769,12117771.05
1638144000000,24.772,25.606,24.511,25.004,10686245.96
1638230400000,25.003,26.525,24.152,25.342,15123815.84
1638316800000,25.343,26.916,24.966,25.347,12440958.24
1638403200000,25.348,25.363,24.167,24.551,10136715.6
1638489600000,24.552,25.85,22.192,23.302,16065651.92
1638576000000,23.299,23.366,15.033,20.637,46232129.23
1638662400000,20.637,20.953,18.438,19.481,18037462.69
1638748800000,19.485,19.912,17.215,19.782,21634338.14
1638835200000,19.778,21.175,19.686,21.08,19705124.02
1638921600000,21.079,23.2,20.736,22.909,32135911.91
1639008000000,22.913,23.049,20.233,20.257,22705776.74
1639094400000,20.255,20.88,18.448,18.532,22512953.92
1639180800000,18.536,20.199,18.147,19.967,14381055.09
1639267200000,19.962,20.778,19.209,20.402,11350996.56
1639353600000,20.404,20.556,17.289,17.764,23301561.76
1639440000000,17.764,18.606,17.419,18.421,18827418.92
1639526400000,18.419,19.981,17.25,19.679,22052120.42
1639612800000,19.681,20.338,18.683,18.758,13959493.48
1639699200000,18.762,19.218,17.728,18.25,17229062.28
1639785600000,18.25,19.988,17.795,19.532,17062799.55
1639872000000,19.533,20.39,18.795,18.864,16216689.32
1639958400000,18.864,19.194,18.02,18.779,14873594.93
1640044800000,18.779,19.66,18.362,19.415,12330881.7
1640131200000,19.418,20.829,19.194,19.922,14997054.05
1640217600000,19.923,22.214,19.557,22.166,21196405.07
1640304000000,22.166,22.664,21.2,21.48,15999994.57
1640390400000,21.483,22.389,21.284,22.117,10474758.51
1640476800000,22.117,23.588,21.111,22.986,20024483.64
1640563200000,22.986,24.493,22.745,23.016,20016982.93
1640649600000,23.017,23.022,20.295,20.379,26026658.65
1640736000000,20.377,20.96,19.504,19.734,21143141.4
1640822400000,19.736,20.43,19.148,19.93,16336983.19
1640908800000,19.926,20.632,19.021,19.514,15609114.76
1640995200000,19.514,20.791,19.508,20.736,11482289.23
1641081600000,20.738,22.193,20.559,21.854,18489195.04
1641168000000,21.852,23.745,21.237,23.697,28814987.84
1641254400000,23.699,24.472,22.773,23.426,30650136.06
1641340800000,23.426,27.457,22.336,25.222,82277030.54
1641427200000,25.218,25.963,23.323,25.379,63469542.01
1641513600000,25.379,27.328,22.626,25.975,74402194.02
1641600000000,25.979,27.33,23.5,25.306,54144096.39
1641686400000,25.312,28.691,25.088,27.538,63636184.46
1641772800000,27.536,28.5,25.071,27.974,68015065.29
1641859200000,27.975,28.688,25.837,26.582,44243110.5
1641945600000,26.578,27.231,25.571,26.751,32769036.61
1642032000000,26.745,26.758,24.426,24.852,28565845.62
1642118400000,24.858,25.862,23.9,25.706,21555282.22
1642204800000,25.704,26.198,25.097,25.167,17828346.97
1642291200000,25.166,26.341,24.629,25.498,17274445.36
1642377600000,25.5,25.621,23.258,23.771,18101130.09
1642464000000,23.773,24.328,22.041,22.951,21384482.12
1642550400000,22.951,23.14,21.204,21.541,23074592.52
1642636800000,21.535,22.964,20.031,20.164,22514847.42
1642723200000,20.164,20.496,17.1,17.414,44261036.74
1642809600000,17.411,17.813,14.23,15.844,51409821.45
1642896000000,15.85,16.878,15.146,16.622,27742530.74
1642982400000,16.621,16.63,13.481,15.568,45572498.43
1643068800000,15.567,16.016,14.583,15.487,26263860.83
1643155200000,15.489,16.8,14.664,15.224,31013456.67
1643241600000,15.222,15.7,14.281,15.209,27929913.57
1643328000000,15.208,16.275,14.719,16.133,23779706.04
1643414400000,16.132,16.75,15.948,16.217,17766920.18
1643500800000,16.217,18.121,16.004,17.754,31526832.92
1643587200000,17.752,17.875,16.429,17.143,31583852.16
1643673600000,17.145,17.877,16.81,16.974,22856487.87
1643760000000,16.974,17.369,15.51,15.772,21649917.63
1643846400000,15.773,16.324,15.245,16.29,21176619.68
1643932800000,16.285,17.54,15.996,17.5,22294380.42
1644019200000,17.497,18.317,17.403,17.747,21454198.76
1644105600000,17.746,18.167,17.151,18.064,15603877.99
1644192000000,18.064,19.393,17.633,18.874,22370240.04
1644278400000,18.875,19.533,17.675,18.367,24321021.11
1644364800000,18.372,18.739,17.73,18.664,14089502.89
1644451200000,18.664,18.749,17.319,17.486,24412949.91
1644537600000,17.486,17.799,15.899,16.189,18567755.18
1644624000000,16.189,16.371,15.556,15.949,17519346.65
1644710400000,15.952,16.32,15.51,15.601,12272496.3
1644796800000,15.601,16.116,15.188,15.896,17098271.07
1644883200000,15.896,17.451,15.805,17.339,17699103.02
1644969600000,17.336,17.399,16.503,17.11,16260763.93
1645056000000,17.108,17.44,15.424,15.582,19464079.31
1645142400000,15.581,16.04,15.015,15.174,16718015.23
1645228800000,15.173,15.68,14.819,15.507,13100282.48
1645315200000,15.508,15.523,14.389,14.601,16954193.93
1645401600000,14.603,15.303,13.356,13.492,32191730.47
1645488000000,13.492,14.175,12.988,13.983,23837202.07
1645574400000,13.984,14.654,13.288,13.34,19582197.63
1645660800000,13.34,14.105,11.388,13.261,54862507.39
1645747200000,13.261,14.482,13.063,14.359,22944990.44
1645833600000,14.358,15.358,14.069,14.706,17571247.36
1645920000000,14.706,14.847,13.452,13.635,21729707.3
1646006400000,13.636,15.152,13.3,15.117,23467919.52
1646092800000,15.117,15.726,14.693,15.343,20263401.54
1646179200000,15.346,15.865,14.901,15.276,19938674.36
1646265600000,15.276,15.368,14.439,14.881,13873105.14
1646352000000,14.881,14.966,13.533,13.727,18080387.77
1646438400000,13.727,14.273,13.4,14.017,9972509.7
1646524800000,14.014,14.115,13.234,13.315,12227951.06
1646611200000,13.315,13.662,12.413,12.664,22403617.96
1646697600000,12.664,13.545,12.561,13.085,18484106.05
1646784000000,13.085,14.447,13.048,14.0,19226646.4
1646870400000,14.001,14.109,12.939,13.173,16927292.15
1646956800000,13.174,13.646,12.793,13.038,14637797.07
1647043200000,13.038,13.45,13.008,13.138,9468539.48
1647129600000,13.136,13.431,12.565,12.696,12275325.07
1647216000000,12.695,13.439,12.587,13.398,17079683.23
1647302400000,13.398,13.798,12.865,13.694,16924601.39
1647388800000,13.693,14.78,13.654,14.661,22932832.33
1647475200000,14.662,14.926,14.215,14.404,15539404.52
1647561600000,14.404,15.273,14.115,15.005,17241762.56
1647648000000,15.005,15.401,14.82,14.994,12735422.93
1647734400000,14.995,15.135,14.423,14.546,10533712.47
1647820800000,14.545,15.273,14.28,14.986,13421193.1
1647907200000,14.987,15.852,14.978,15.427,14905455.16
1647993600000,15.427,15.952,15.118,15.828,13463640.21
1648080000000,15.828,16.439,15.596,16.157,17770744.04
1648166400000,16.16,16.454,15.449,15.585,17240876.83
1648252800000,15.584,15.953,15.472,15.831,10339742.2
1648339200000,15.83,16.9,15.612,16.855,16625105.69
1648425600000,16.854,17.365,16.324,16.496,18669930.02
1648512000000,16.495,17.527,16.46,16.971,18002153.69
1648598400000,16.97,17.58,16.516,17.214,17869554.77
1648684800000,17.214,18.058,16.953,17.218,13811422.16
