1599091200000,57.51,62.287,39.525,43.2,384491.2
1599177600000,43.111,49.283,40.333,45.42,299216.0
1599264000000,45.396,47.066,25.775,30.532,399394.6
1599350400000,30.527,39.098,25.582,38.236,588695.6
1599436800000,38.204,43.604,29.29,37.776,598177.9
1599523200000,37.804,38.38,30.494,32.738,355175.3
1599609600000,32.802,37.666,30.667,34.45,338840.9
1599696000000,34.465,39.9,34.413,37.02,311474.4
1599782400000,36.985,39.729,33.733,38.012,310142.3
1599868800000,37.987,46.5,36.047,44.514,884749.4
1599955200000,44.46,44.968,36.037,39.257,519633.4
1600041600000,39.257,41.914,36.675,39.063,385074.0
1600128000000,39.055,39.188,31.926,32.052,319594.1
1600214400000,31.98,33.66,28.766,30.504,338990.8
1600300800000,30.5,32.901,28.947,30.61,353115.4
1600387200000,30.623,34.111,29.296,31.387,446352.3
1600473600000,31.369,31.388,28.56,30.774,244454.9
1600560000000,30.739,31.899,26.887,27.838,248684.8
1600646400000,27.839,28.373,20.519,21.697,605988.2
1600732800000,21.737,22.748,19.796,21.422,610297.0
1600819200000,21.44,23.451,18.554,19.304,1090904.7
1600905600000,19.308,22.446,18.943,22.421,425026.8
1600992000000,22.413,24.025,19.933,23.083,389304.5
1601078400000,23.105,24.947,22.038,23.591,377205.9
1601164800000,23.595,23.972,21.835,23.005,255507.1
1601251200000,23.012,26.771,22.726,24.921,413587.4
1601337600000,24.907,25.56,22.559,23.446,398970.3
1601424000000,23.449,23.609,21.762,22.452,308621.9
1601510400000,22.467,23.951,20.029,20.733,347207.9
1601596800000,20.725,20.99,17.99,20.08,671243.1
1601683200000,20.076,20.326,18.7,18.787,224054.1
1601769600000,18.783,19.01,17.711,18.41,356549.4
1601856000000,18.416,18.72,17.254,17.297,209567.4
1601942400000,17.295,17.387,13.756,13.899,481219.0
1602028800000,13.899,16.26,12.806,16.11,785251.3
1602115200000,16.115,17.944,14.526,17.139,722116.4
1602201600000,17.158,21.217,16.748,20.861,699967.7
1602288000000,20.861,25.818,19.933,24.598,899341.2
1602374400000,24.528,24.841,22.071,22.651,1040619.0
1602460800000,22.649,26.75,22.138,25.589,830051.7
1602547200000,25.548,26.38,24.04,24.805,659356.0
1602633600000,24.833,25.374,20.944,21.629,702961.8
1602720000000,21.6,22.007,19.4,21.022,800027.8
1602806400000,20.992,21.26,18.8,19.777,679219.8
1602892800000,19.777,23.8,18.9,23.464,1167087.1
1602979200000,23.416,24.888,22.14,24.417,1123080.5
1603065600000,24.414,24.553,21.4,22.034,774747.4
1603152000000,22.009,22.055,18.503,19.193,819966.9
1603238400000,19.181,22.273,19.017,20.529,933913.5
1603324800000,20.518,24.463,20.516,23.928,804188.8
1603411200000,23.893,26.296,21.815,25.808,1648693.3
1603497600000,25.83,29.669,24.066,29.327,1664877.4
1603584000000,29.269,29.93,26.711,28.188,1376089.3
1603670400000,28.189,29.299,24.372,26.313,1255168.8
1603756800000,26.307,27.943,25.654,26.054,833187.7
1603843200000,26.07,26.689,22.1,23.251,913736.4
1603929600000,23.256,24.1,20.082,20.644,863086.0
1604016000000,20.632,21.788,18.565,21.195,1206706.8
1604102400000,21.219,22.564,20.277,20.693,731860.9
1604188800000,20.68,21.091,19.686,20.809,541249.0
1604275200000,20.823,21.601,18.577,18.577,842528.7
1604361600000,18.577,18.596,16.792,17.951,1079471.0
1604448000000,17.974,19.296,16.516,18.669,1308580.1
1604534400000,18.691,22.021,18.188,20.587,1246667.0
1604620800000,20.58,25.75,20.543,25.433,1153917.1
1604707200000,25.397,27.679,20.637,22.73,1583327.3
1604793600000,22.692,24.5,21.673,23.568,941037.7
1604880000000,23.568,23.85,21.1,22.06,880601.9
1604966400000,22.09,25.328,21.69,24.774,880753.5
1605052800000,24.796,25.813,23.03,23.63,722300.4
1605139200000,23.631,24.884,21.431,22.483,575650.6
1605225600000,22.495,24.58,22.029,24.372,567000.2
1605312000000,24.346,25.744,22.36,23.391,818471.6
1605398400000,23.381,26.864,22.246,24.213,1171596.8
1605484800000,24.192,30.642,23.536,30.014,1436645.0
1605571200000,30.0,32.73,28.045,31.236,1309849.2
1605657600000,31.247,32.207,25.116,28.25,1217534.0
1605744000000,28.25,30.23,25.909,27.938,962464.5
1605830400000,27.951,31.92,27.852,29.482,1053203.8
1605916800000,29.478,33.2,27.545,32.588,1258581.1
1606003200000,32.606,34.282,28.234,32.621,1324343.4
1606089600000,32.649,35.06,30.591,32.389,1133335.4
1606176000000,32.4,33.963,29.715,31.313,958637.8
1606262400000,31.322,33.357,28.189,29.284,895289.7
1606348800000,29.26,29.891,21.985,24.477,1622852.6
1606435200000,24.473,25.475,22.11,24.254,780064.3
1606521600000,24.236,25.61,22.985,24.42,561087.8
1606608000000,24.42,25.371,23.609,25.368,540239.8
1606694400000,25.38,26.736,24.3,26.241,702765.9
1606780800000,26.26,27.787,23.863,24.649,797374.6
1606867200000,24.625,27.0,24.139,26.349,570274.8
1606953600000,26.341,29.2,26.261,28.448,736153.9
1607040000000,28.457,28.975,24.761,25.16,748201.2
1607126400000,25.154,26.6,24.797,26.369,340313.2
1607212800000,26.371,26.933,24.804,26.09,342673.9
1607299200000,26.088,27.043,25.159,25.78,468970.1
1607385600000,25.779,26.852,22.596,23.312,700524.0
1607472000000,23.291,23.838,21.5,23.409,601123.8
1607558400000,23.405,24.582,22.607,23.465,622196.0
1607644800000,23.48,23.597,21.555,22.448,497068.5
1607731200000,22.457,23.583,22.4,23.246,347932.2
1607817600000,23.232,24.57,22.3,23.998,614106.9
1607904000000,23.991,25.6,23.615,25.017,675371.4
1607990400000,25.041,26.019,24.099,24.979,531358.6
1608076800000,24.97,25.506,23.88,24.887,504882.8
1608163200000,24.874,26.754,24.434,25.119,840147.2
1608249600000,25.109,25.643,24.049,24.66,442385.5
1608336000000,24.662,25.51,24.42,24.576,367943.2
1608422400000,24.589,24.616,22.046,22.687,448522.5
1608508800000,22.683,23.273,20.075,20.165,584070.2
1608595200000,20.175,21.268,18.848,20.795,527047.3
1608681600000,20.788,21.158,14.782,16.673,720592.3
1608768000000,16.678,18.529,15.655,18.422,588203.2
1608854400000,18.425,19.734,17.723,18.179,362844.7
1608940800000,18.181,18.251,16.952,17.211,297955.6
1609027200000,17.209,18.963,15.933,17.815,718763.7
1609113600000,17.815,20.28,17.575,19.899,663744.0
1609200000000,19.878,20.565,17.25,18.228,729262.0
1609286400000,18.222,18.472,17.439,17.571,378147.6
1609372800000,17.576,17.863,16.744,17.794,337065.3
1609459200000,17.797,19.099,17.4,17.765,544121.7
1609545600000,17.757,18.184,16.841,17.927,468872.7
1609632000000,17.921,20.444,17.268,20.024,839481.5
1609718400000,20.016,22.187,17.728,19.434,1299208.8
1609804800000,19.445,21.377,18.275,20.352,1139200.0
1609891200000,20.39,24.523,20.003,23.485,1030320.5
1609977600000,23.511,25.257,21.089,22.618,974345.4
1610064000000,22.64,24.313,20.1,22.235,1061596.9
1610150400000,22.246,26.648,21.6,23.97,943909.3
1610236800000,23.98,26.018,21.314,22.738,1027314.9
1610323200000,22.737,22.859,17.138,19.53,1255682.1
1610409600000,19.527,20.654,18.201,18.831,698445.0
1610496000000,18.832,21.537,18.033,21.505,568137.1
1610582400000,21.505,21.985,19.9,21.28,576996.9
1610668800000,21.287,27.78,21.135,27.292,2335301.0
1610755200000,27.293,30.858,25.641,26.555,1479726.7
1610841600000,26.546,35.822,24.339,34.652,1759414.2
1610928000000,34.66,34.795,30.056,32.263,749984.9
1611014400000,32.289,32.734,27.813,27.867,582150.2
1611100800000,27.867,30.24,25.56,29.537,1166585.8
1611187200000,29.546,30.013,23.1,23.674,785828.4
1611273600000,23.66,27.479,21.43,25.774,807764.3
1611360000000,25.772,30.931,25.21,29.392,794224.6
1611446400000,29.387,31.558,27.517,28.585,570657.4
1611532800000,28.609,32.938,27.958,28.237,758228.4
1611619200000,28.215,30.326,26.0,29.635,656771.1
1611705600000,29.616,32.1,26.622,31.287,790940.8
1611792000000,31.271,37.292,30.17,32.926,1044194.7
1611878400000,32.932,34.051,30.14,32.475,641333.0
1611964800000,32.451,33.121,29.5,32.095,444498.9
1612051200000,32.098,34.084,29.163,30.012,556891.1
1612137600000,30.036,31.606,28.523,30.744,475123.8
1612224000000,30.717,34.66,30.327,31.978,571471.2
1612310400000,31.966,37.581,31.703,37.435,648103.6
1612396800000,37.436,39.968,33.215,37.219,817090.0
1612483200000,37.219,43.155,37.2,39.463,573460.8
1612569600000,39.494,40.697,35.035,36.422,725946.5
1612656000000,36.425,39.838,33.64,36.066,986382.5
1612742400000,36.043,40.339,35.547,38.117,704759.6
1612828800000,38.144,43.57,37.005,41.993,819596.8
1612915200000,42.048,59.88,41.5,51.999,1974447.9
1613001600000,52.004,59.858,50.2,56.82,1198504.1
1613088000000,56.774,62.647,51.6,59.39,982996.9
1613174400000,59.4,62.878,50.869,56.886,957471.8
1613260800000,56.901,58.026,50.311,50.919,680452.6
1613347200000,50.944,51.721,35.6,44.202,1460251.8
1613433600000,44.216,51.899,42.012,45.333,1252976.1
1613520000000,45.343,51.0,40.53,49.765,1109817.6
1613606400000,49.766,52.229,48.078,50.413,620023.2
1613692800000,50.492,54.95,46.6,54.017,897796.5
1613779200000,54.037,56.553,43.17,47.862,1118112.8
1613865600000,47.797,49.927,46.324,47.726,665640.6
1613952000000,47.74,47.985,32.823,40.685,1088954.9
1614038400000,40.682,40.925,26.577,31.851,1749717.3
1614124800000,31.819,37.219,29.391,34.781,1522234.9
1614211200000,34.811,42.507,33.552,36.028,954348.9
1614297600000,36.044,36.832,31.362,33.264,733783.8
1614384000000,33.224,36.495,32.706,33.619,558060.5
1614470400000,33.617,34.356,28.744,31.661,496029.0
1614556800000,31.662,36.286,31.432,34.744,422409.3
1614643200000,34.775,37.464,33.101,35.129,540531.2
1614729600000,35.163,40.62,34.684,38.35,520794.6
1614816000000,38.384,40.191,36.556,37.821,515964.1
1614902400000,37.818,39.932,35.214,38.753,454941.1
1614988800000,38.722,39.369,36.017,37.66,266728.6
1615075200000,37.667,43.189,37.508,42.527,560280.4
1615161600000,42.527,46.226,41.657,43.693,654567.8
1615248000000,43.734,45.408,42.33,44.857,438253.6
1615334400000,44.821,45.08,40.072,40.682,443477.1
1615420800000,40.69,43.858,38.327,42.161,629908.0
1615507200000,42.167,47.622,41.5,43.086,956324.5
1615593600000,43.06,48.029,40.636,46.329,787701.6
1615680000000,46.37,49.54,43.93,43.97,598831.8
1615766400000,43.979,51.144,42.224,49.054,821586.9
1615852800000,49.019,52.736,44.809,51.596,928880.1
1615939200000,51.593,51.861,46.591,48.252,567511.4
1616025600000,48.269,53.28,47.666,51.532,564091.5
1616112000000,51.529,54.95,49.45,51.676,422623.1
1616198400000,51.699,53.739,48.555,48.842,353168.5
1616284800000,48.912,54.835,46.973,54.448,482938.4
1616371200000,54.412,63.301,52.61,59.557,1774453.3
1616457600000,59.573,66.122,55.45,55.813,1266598.6
1616544000000,55.789,62.633,49.635,52.574,915634.9
1616630400000,52.528,53.135,46.914,48.442,940007.7
1616716800000,48.433,64.0,48.396,63.753,1033744.9
1616803200000,63.69,79.545,61.605,76.475,1753634.7
1616889600000,76.442,81.799,67.566,73.006,997595.2
1616976000000,73.01,84.782,71.886,83.126,866383.7
1617062400000,83.157,91.237,78.602,86.083,803148.8
1617148800000,86.082,87.979,74.0,79.586,769754.4
1617235200000,79.577,87.24,75.386,75.971,691726.1
1617321600000,75.989,76.826,71.099,74.918,875039.0
1617408000000,74.919,78.433,65.827,67.605,850147.7
1617494400000,67.616,82.892,66.08,80.155,886298.7
1617580800000,80.098,81.467,73.493,75.11,610162.5
1617667200000,75.162,83.773,70.874,78.817,1244426.9
1617753600000,78.875,85.092,67.658,70.716,1135500.6
1617840000000,70.724,77.676,70.006,74.23,547984.2
1617926400000,74.244,88.515,72.397,82.977,941441.9
1618012800000,82.988,87.563,76.0,79.138,666991.5
1618099200000,79.133,82.365,74.946,78.891,503750.5
1618185600000,78.903,80.106,72.3,73.833,508361.3
1618272000000,73.867,76.229,69.581,73.074,647836.6
1618358400000,73.074,75.612,67.225,73.993,719727.8
1618444800000,74.031,86.052,72.611,80.012,1067980.8
1618531200000,80.057,93.0,76.441,85.072,1155791.7
1618617600000,85.151,95.6,82.076,83.022,829747.1
1618704000000,83.054,86.511,50.916,75.854,1214721.5
1618790400000,75.867,91.2,63.154,86.133,1444255.4
1618876800000,86.132,102.02,77.204,92.33,2609162.5
1618963200000,92.401,97.442,77.256,77.913,1494057.7
1619049600000,77.945,81.575,65.5,69.416,1030630.6
1619136000000,69.369,70.758,53.9,64.326,1335272.4
1619222400000,64.369,67.878,57.668,64.624,995713.5
1619308800000,64.633,68.47,58.589,61.866,694669.6
1619395200000,61.837,92.0,61.049,88.338,1397896.7
1619481600000,88.338,100.741,85.018,87.008,2198899.5
1619568000000,86.95,96.269,80.378,82.043,1224094.6
1619654400000,82.013,86.409,78.658,83.049,776519.2
1619740800000,83.08,86.021,80.562,84.45,596274.5
1619827200000,84.43,91.668,83.492,88.569,615160.7
1619913600000,88.569,98.957,83.537,97.098,731271.7
1620000000000,97.151,106.0,95.582,98.874,854291.1
1620086400000,98.874,153.001,91.0,123.44,2731505.5
1620172800000,123.499,135.256,114.144,121.45,1179957.1
1620259200000,121.535,138.343,107.0,109.14,1384552.1
1620345600000,109.026,116.4,100.529,104.806,872433.6
1620432000000,104.791,126.476,103.262,123.272,1032815.5
1620518400000,123.321,149.0,116.691,145.761,2123720.3
1620604800000,145.806,164.69,107.0,123.391,2076227.1
1620691200000,123.405,127.9,115.117,121.54,797288.1
1620777600000,121.53,132.96,96.6,100.28,1130265.8
1620864000000,100.13,110.75,90.78,100.76,886480.7
1620950400000,100.77,115.88,100.72,107.19,640614.2
1621036800000,107.2,109.32,92.63,93.44,474872.8
1621123200000,93.38,103.69,86.123,94.14,603402.6
1621209600000,94.13,94.53,80.88,85.64,623927.9
1621296000000,85.6,94.33,83.48,89.64,604166.3
1621382400000,89.65,92.92,32.34,53.92,1887411.0
1621468800000,53.93,73.42,49.25,66.9,1475119.8
1621555200000,66.81,72.37,47.56,56.24,906390.2
1621641600000,56.26,57.9,48.9,51.09,754139.2
1621728000000,51.04,53.39,33.63,41.76,1267967.6
1621814400000,41.73,54.08,41.28,52.33,1134740.5
1621900800000,52.34,56.79,46.34,52.5,882588.5
1621987200000,52.51,78.75,51.01,71.33,1135898.9
1622073600000,71.32,73.98,61.1,64.68,1132278.4
1622160000000,64.67,66.54,53.33,55.85,877524.9
1622246400000,55.86,59.19,48.0,52.35,638774.0
1622332800000,52.39,60.88,48.52,60.05,617559.4
1622419200000,60.04,63.49,53.47,62.71,766714.8
1622505600000,62.69,63.86,57.2,59.14,576999.0
1622592000000,59.18,68.31,57.82,64.33,653481.5
1622678400000,64.36,75.2,62.34,70.34,660624.0
1622764800000,70.32,70.58,58.73,63.06,668836.5
1622851200000,63.06,69.0,59.22,60.7,524687.9
1622937600000,60.7,65.78,60.39,64.35,359644.0
1623024000000,64.34,66.79,54.4,55.92,514654.2
1623110400000,55.92,57.05,48.34,54.42,828411.3
1623196800000,54.41,57.15,50.29,56.08,798991.8
1623283200000,56.1,56.85,49.48,49.68,556492.8
1623369600000,49.69,51.81,43.96,47.95,765000.8
1623456000000,47.93,48.3,42.4,44.82,894929.6
1623542400000,44.8,49.78,43.61,48.88,641932.0
1623628800000,48.89,52.0,47.5,50.89,520309.0
1623715200000,50.88,53.25,48.7,49.89,528272.0
1623801600000,49.89,52.0,45.73,46.33,670945.1
1623888000000,46.38,49.0,46.02,47.67,519634.7
1623974400000,47.7,49.0,43.05,44.33,741943.2
1624060800000,44.33,44.75,42.0,42.15,509603.3
1624147200000,42.19,43.05,37.87,42.91,692546.1
1624233600000,42.91,43.85,32.41,32.62,932379.7
1624320000000,32.61,36.08,27.42,31.61,1162813.3
1624406400000,31.61,38.35,30.27,36.06,942219.9
1624492800000,36.06,39.39,34.73,38.14,916563.8
1624579200000,38.14,39.2,33.5,33.82,867280.2
1624665600000,33.83,35.01,31.45,34.59,647856.1
1624752000000,34.6,38.94,33.74,38.9,908684.2
1624838400000,38.88,39.81,37.71,38.42,737423.7
1624924800000,38.43,43.86,38.12,41.04,752597.4
1625011200000,41.05,41.72,37.45,40.27,577472.8
1625097600000,40.27,40.27,36.11,36.55,642552.4
1625184000000,36.55,37.35,34.37,37.03,521752.3
1625270400000,37.02,38.99,36.08,38.7,372534.5
1625356800000,38.7,40.85,36.72,39.3,433858.7
1625443200000,39.3,40.13,36.35,37.21,699360.0
1625529600000,37.22,42.64,37.21,39.81,1003533.8
1625616000000,39.8,44.79,39.01,42.16,985792.3
1625702400000,42.15,42.58,36.84,37.99,740512.2
1625788800000,38.0,39.26,36.05,38.21,702965.8
1625875200000,38.21,42.74,37.43,41.49,1425433.1
1625961600000,41.48,42.95,39.66,40.35,1085159.6
1626048000000,40.37,41.75,37.88,38.91,619981.4
1626134400000,38.9,39.34,36.5,37.33,608442.5
1626220800000,37.32,37.5,33.19,36.52,838066.0
1626307200000,36.53,37.2,33.18,33.96,672655.4
1626393600000,33.97,34.5,31.4,32.2,601862.1
1626480000000,32.2,33.2,30.88,31.87,354958.8
1626566400000,31.89,33.6,31.55,32.3,360635.1
1626652800000,32.31,32.57,29.31,29.59,395337.6
1626739200000,29.59,31.0,27.11,29.7,1120696.0
1626825600000,29.7,33.0,28.38,31.95,900882.8
1626912000000,31.97,34.46,31.12,31.78,908889.9
1626998400000,31.76,34.74,31.62,34.18,783145.3
1627084800000,34.19,35.4,33.2,34.19,525172.5
1627171200000,34.2,35.68,32.82,34.18,515225.5
1627257600000,34.17,38.4,33.96,34.59,861322.1
1627344000000,34.59,37.55,33.49,36.11,852373.9
1627430400000,36.11,37.12,34.94,36.24,596779.6
1627516800000,36.26,38.03,35.26,36.46,669275.4
1627603200000,36.47,40.99,36.1,40.59,1486366.7
1627689600000,40.58,45.08,40.01,40.68,1283025.6
1627776000000,40.7,43.6,37.84,38.87,859600.0
1627862400000,38.87,42.28,38.23,40.86,774811.4
1627948800000,40.85,42.74,37.79,41.2,1274040.5
1628035200000,41.19,43.4,39.82,42.78,949733.2
1628121600000,42.76,46.78,41.06,46.0,984200.9
1628208000000,46.0,48.66,45.32,46.32,1183614.5
1628294400000,46.3,48.2,44.81,46.06,766937.1
1628380800000,46.1,46.38,42.3,43.06,646544.9
1628467200000,43.05,48.27,41.16,45.41,823675.2
1628553600000,45.42,50.08,44.61,48.24,1243533.3
1628640000000,48.23,51.69,47.51,47.59,899214.4
1628726400000,47.58,50.7,44.76,47.09,836208.5
1628812800000,47.09,50.73,46.34,50.46,611691.2
1628899200000,50.45,54.99,48.12,52.62,923915.0
1628985600000,52.61,53.13,49.3,52.33,527445.8
1629072000000,52.33,57.1,51.59,52.39,1149248.0
1629158400000,52.37,58.63,50.12,50.81,1670797.7
1629244800000,50.82,55.17,46.93,50.95,1659005.6
1629331200000,50.98,54.93,50.43,54.9,942351.7
1629417600000,54.9,57.93,54.17,57.02,864740.5
1629504000000,57.05,63.99,55.68,59.71,1494044.0
1629590400000,59.71,61.77,56.75,61.46,800864.1
1629676800000,61.45,63.0,58.54,59.75,588987.5
1629763200000,59.74,59.91,52.15,53.87,793169.0
1629849600000,53.87,55.86,51.18,55.22,647493.6
1629936000000,55.21,55.75,48.19,49.93,1322316.5
1630022400000,49.92,53.5,48.53,53.03,1063517.8
1630108800000,53.05,54.89,51.71,53.28,638648.4
1630195200000,53.28,54.48,50.5,52.51,674343.7
1630281600000,52.52,55.57,50.44,52.1,943761.1
1630368000000,52.12,54.25,50.27,51.46,797890.0
1630454400000,51.45,56.89,50.49,56.46,1015428.0
1630540800000,56.46,63.0,55.63,58.09,1637977.8
1630627200000,58.11,60.14,56.21,58.58,749284.3
1630713600000,58.6,65.12,58.04,60.59,802681.0
1630800000000,60.62,67.53,60.0,65.0,818947.4
1630886400000,65.01,67.91,56.96,62.76,1038206.4
1630972800000,62.77,67.09,39.03,50.89,1860334.4
1631059200000,50.89,57.25,45.59,52.51,1296781.5
1631145600000,52.49,55.97,51.31,52.83,1015815.4
1631232000000,52.84,55.0,47.58,49.21,800378.7
1631318400000,49.19,53.76,48.4,51.04,542116.5
1631404800000,51.03,57.06,49.61,56.52,725356.3
1631491200000,56.53,59.03,50.41,51.47,1675172.2
1631577600000,51.48,57.18,50.82,56.06,987785.4
1631664000000,56.04,62.21,54.84,60.61,857113.5
1631750400000,60.58,60.74,55.71,57.54,523443.1
1631836800000,57.54,66.96,56.11,58.49,2227272.1
1631923200000,58.49,62.97,57.25,59.76,901386.7
1632009600000,59.76,60.64,54.21,55.51,692463.4
1632096000000,55.51,55.66,45.86,46.78,1203141.9
1632182400000,46.75,49.23,40.4,41.3,1152260.5
1632268800000,41.32,47.47,40.76,46.54,738985.5
1632355200000,46.54,49.93,45.61,49.34,846291.9
1632441600000,49.33,50.71,41.79,44.31,949737.2
1632528000000,44.31,46.15,42.41,45.22,785902.3
1632614400000,45.23,46.11,40.4,45.42,642090.1
1632700800000,45.42,47.57,42.9,43.02,568709.7
1632787200000,43.02,44.33,41.06,41.24,496904.0
1632873600000,41.24,44.7,40.66,41.5,581463.3
1632960000000,41.49,43.52,41.19,43.01,512061.5
1633046400000,43.02,48.22,42.65,48.04,547420.7
1633132800000,48.04,50.6,47.09,48.32,362511.3
1633219200000,48.33,51.99,47.24,49.21,889595.4
1633305600000,49.21,49.36,45.18,47.3,612657.4
1633392000000,47.29,50.67,46.74,49.98,527616.0
1633478400000,50.0,53.7,45.8,49.16,1000237.7
1633564800000,49.15,51.77,47.5,49.56,813530.7
1633651200000,49.55,52.31,49.26,49.81,547530.6
1633737600000,49.82,50.32,47.83,48.64,400319.2
1633824000000,48.63,49.0,44.86,45.08,432410.9
1633910400000,45.08,47.37,43.53,45.05,413389.9
1633996800000,45.05,45.06,41.64,44.68,582617.2
1634083200000,44.67,46.14,43.57,45.94,569659.4
1634169600000,45.97,48.99,45.51,47.56,867029.4
1634256000000,47.56,52.55,45.62,49.52,1565531.3
1634342400000,49.55,60.0,49.34,51.02,2248875.7
1634428800000,51.02,58.44,50.0,53.2,2288697.0
1634515200000,53.22,54.9,51.11,53.74,1412976.0
1634601600000,53.73,57.43,53.2,55.29,1102360.1
1634688000000,55.29,60.95,54.85,58.89,910033.2
1634774400000,58.88,59.9,54.83,59.06,617994.6
1634860800000,59.06,63.05,57.04,57.46,724040.0
1634947200000,57.43,57.54,54.96,55.72,632878.4
1635033600000,55.73,55.73,52.9,53.96,627922.0
1635120000000,53.97,57.24,53.6,55.82,498552.8
1635206400000,55.83,58.3,54.08,54.16,591428.1
1635292800000,54.16,54.86,42.5,48.47,1480168.8
1635379200000,48.5,51.56,48.13,50.76,556996.6
1635465600000,50.75,54.04,50.35,52.68,506983.8
1635552000000,52.69,55.3,51.27,55.27,473267.2
1635638400000,55.28,61.03,54.29,59.44,808702.7
1635724800000,59.46,66.94,57.72,62.23,921947.2
1635811200000,62.22,66.62,60.5,63.4,440135.3
1635897600000,63.4,64.0,59.5,63.95,454721.1
1635984000000,63.96,69.71,62.33,62.46,826829.6
1636070400000,62.42,64.3,60.63,61.13,611114.4
1636156800000,61.13,61.69,57.21,60.36,297148.4
1636243200000,60.36,60.42,58.4,58.93,192258.9
1636329600000,58.93,66.0,57.86,64.4,832272.4
1636416000000,64.4,68.0,63.38,67.58,571571.0
1636502400000,67.58,72.99,58.12,63.52,1075348.8
1636588800000,63.51,69.63,61.64,69.38,712293.1
1636675200000,69.36,72.47,63.8,68.36,652497.9
1636761600000,68.37,80.07,67.55,73.12,1339710.1
1636848000000,73.12,75.04,70.36,72.9,435564.7
1636934400000,72.9,73.03,66.3,66.82,361298.0
1637020800000,66.81,66.82,52.89,57.29,1944405.0
1637107200000,57.28,58.16,54.29,55.9,644609.9
1637193600000,55.9,57.18,48.24,50.01,615532.2
1637280000000,50.04,56.05,49.2,55.4,714210.0
1637366400000,55.4,57.15,53.25,56.39,620005.2
1637452800000,56.4,59.73,55.63,56.0,534800.8
1637539200000,56.04,56.21,52.02,53.21,485921.3
1637625600000,53.24,59.25,52.53,56.52,813101.9
1637712000000,56.52,58.4,53.39,55.87,588507.2
1637798400000,55.87,60.56,55.61,59.37,551478.9
1637884800000,59.38,59.41,50.34,53.06,663051.2
1637971200000,52.99,57.69,52.73,55.23,413704.4
1638057600000,55.24,55.7,49.97,54.79,480251.8
1638144000000,54.76,56.52,53.32,54.27,591869.7
1638230400000,54.26,55.28,51.67,52.88,445049.7
1638316800000,52.88,56.75,51.61,52.05,526537.2
1638403200000,52.07,52.65,50.01,51.07,503768.7
1638489600000,51.05,53.11,44.76,47.29,659365.8
1638576000000,47.28,47.47,27.96,39.03,1298645.1
1638662400000,39.01,39.95,34.37,36.7,630625.5
1638748800000,36.71,37.53,33.21,36.89,1094225.3
1638835200000,36.88,39.64,36.55,37.73,938739.6
1638921600000,37.73,39.55,36.01,39.43,667026.4
1639008000000,39.46,40.81,34.8,35.08,1264569.1
1639094400000,35.08,36.58,33.19,33.39,754568.8
1639180800000,33.38,36.06,32.77,35.81,640790.2
1639267200000,35.81,36.93,34.46,36.28,474168.9
1639353600000,36.27,36.73,29.94,30.5,1435004.5
1639440000000,30.5,31.55,29.62,31.23,764247.1
1639526400000,31.22,32.22,29.28,31.78,973124.5
1639612800000,31.79,33.58,31.74,31.85,649237.5
1639699200000,31.84,33.4,30.66,31.65,802024.9
1639785600000,31.65,34.81,31.18,33.25,668489.1
1639872000000,33.25,34.39,31.67,31.87,401956.2
1639958400000,31.88,32.02,29.39,30.3,512468.9
1640044800000,30.3,32.12,29.88,32.02,455794.1
1640131200000,32.01,35.51,31.99,33.71,1121721.3
1640217600000,33.72,37.14,33.04,37.12,607127.6
1640304000000,37.11,37.13,34.5,34.95,461136.9
1640390400000,34.95,39.64,34.67,39.29,848889.1
1640476800000,39.29,40.33,37.39,38.94,1122642.7
1640563200000,38.95,41.99,38.95,39.61,667149.5
1640649600000,39.59,39.62,34.85,35.01,734647.9
1640736000000,35.02,35.63,32.74,33.23,566349.3
1640822400000,33.23,34.4,32.3,33.98,465901.4
1640908800000,33.98,35.05,32.2,33.08,423447.2
1640995200000,33.06,35.42,33.06,35.27,302691.3
1641081600000,35.28,36.0,33.81,35.52,479097.0
1641168000000,35.52,36.5,33.99,36.43,559613.8
1641254400000,36.45,37.93,34.42,35.8,880049.4
1641340800000,35.8,39.3,31.37,33.34,1559450.4
1641427200000,33.35,34.05,31.56,33.08,635324.9
1641513600000,33.06,33.23,30.0,31.0,546225.1
1641600000000,31.0,32.21,27.85,28.83,550140.8
1641686400000,28.81,30.59,28.47,29.9,375928.1
1641772800000,29.91,30.36,26.53,27.99,533733.3
1641859200000,28.0,29.71,27.67,29.48,350385.1
1641945600000,29.48,31.92,29.27,31.52,520754.6
1642032000000,31.54,32.4,29.14,29.34,459987.2
1642118400000,29.34,30.13,28.66,29.66,435276.3
1642204800000,29.65,31.45,29.31,30.58,366038.4
1642291200000,30.58,31.14,29.88,30.82,265839.5
1642377600000,30.81,30.92,28.37,28.91,312634.4
1642464000000,28.91,29.22,27.04,27.8,363816.0
1642550400000,27.8,27.93,26.05,26.08,497296.5
1642636800000,26.06,27.55,24.18,24.37,532338.9
1642723200000,24.36,24.6,20.45,21.15,1093674.8
1642809600000,21.15,22.33,16.68,18.87,2126941.4
1642896000000,18.87,19.85,18.25,19.45,706571.9
1642982400000,19.44,19.44,16.51,18.92,1024322.4
1643068800000,18.91,19.53,18.26,19.04,746334.6
1643155200000,19.05,21.19,18.65,18.95,673429.5
1643241600000,18.95,19.7,17.77,18.64,698048.1
1643328000000,18.64,20.1,18.3,20.01,696296.2
1643414400000,20.0,21.08,19.88,20.77,495901.2
1643500800000,20.77,21.24,19.72,20.05,513184.7
1643587200000,20.03,20.56,18.88,20.46,552947.9
1643673600000,20.47,21.15,20.33,20.85,468489.2
1643760000000,20.85,21.44,19.63,20.06,515496.6
1643846400000,20.08,20.31,18.61,19.25,894432.9
1643932800000,19.25,22.1,18.92,21.99,1311528.0
1644019200000,21.99,22.74,21.64,22.37,622813.8
1644105600000,22.37,25.16,22.36,24.63,2236985.7
1644192000000,24.63,26.63,24.02,25.55,925127.9
1644278400000,25.55,26.77,24.16,26.0,1210419.4
1644364800000,26.01,26.95,24.45,25.81,802020.1
1644451200000,25.8,26.15,23.5,23.7,945530.4
1644537600000,23.7,24.56,21.68,22.32,726574.0
1644624000000,22.31,23.14,21.18,22.54,491860.6
1644710400000,22.55,22.75,21.01,21.21,449045.4
1644796800000,21.21,21.37,20.35,21.18,659781.7
1644883200000,21.18,23.85,21.11,23.7,678108.1
1644969600000,23.69,24.48,22.8,24.05,1010592.3
1645056000000,24.04,24.47,21.14,21.26,863043.6
1645142400000,21.27,22.01,20.23,20.45,602623.1
1645228800000,20.44,21.06,19.47,20.45,501449.9
1645315200000,20.43,20.45,18.41,18.76,530168.6
1645401600000,18.76,20.08,17.51,17.58,1052731.3
1645488000000,17.59,19.68,17.1,19.42,1104519.8
1645574400000,19.41,20.37,18.61,18.77,858195.8
1645660800000,18.76,19.73,15.88,19.46,1254997.0
1645747200000,19.46,21.6,19.24,21.19,1145667.2
1645833600000,21.19,22.24,20.93,21.2,631790.5
1645920000000,21.2,22.65,19.5,19.86,1145508.5
1646006400000,19.86,21.35,19.49,21.14,1169365.2
1646092800000,21.14,22.34,20.56,22.05,1406106.2
1646179200000,22.05,22.08,20.58,20.75,1011606.7
1646265600000,20.77,20.94,19.27,19.79,540004.8
1646352000000,19.78,19.82,17.94,18.23,517506.7
1646438400000,18.23,19.24,17.55,19.06,636296.8
1646524800000,19.06,19.46,17.51,17.61,690939.5
1646611200000,17.62,19.23,17.2,18.33,1029864.7
1646697600000,18.32,19.07,17.96,18.52,940507.1
1646784000000,18.53,20.74,18.52,20.32,1036974.8
1646870400000,20.32,21.0,18.21,18.4,1028444.5
1646956800000,18.39,18.77,17.69,17.78,1090305.6
1647043200000,17.78,18.58,17.61,17.66,840112.0
1647129600000,17.67,18.5,17.4,17.5,581205.2
1647216000000,17.5,18.76,17.12,18.58,587309.8
1647302400000,18.59,18.77,17.72,18.66,767098.2
1647388800000,18.67,19.74,18.39,19.72,605814.3
1647475200000,19.73,19.84,19.11,19.13,324422.2
1647561600000,19.13,20.31,18.68,20.18,393774.5
1647648000000,20.18,21.27,20.1,20.58,748974.0
1647734400000,20.58,20.69,19.17,19.66,436565.5
1647820800000,19.66,20.99,19.08,19.74,787768.3
1647907200000,19.75,21.34,19.61,20.76,671809.1
1647993600000,20.76,22.09,20.54,22.04,759113.7
1648080000000,22.04,22.23,21.1,21.77,526181.6
1648166400000,21.77,22.49,21.05,21.52,557261.5
1648252800000,21.54,22.39,21.33,22.21,306024.1
1648339200000,22.22,24.31,21.8,24.3,661939.7
1648425600000,24.3,25.53,22.5,23.02,752363.1
1648512000000,23.0,25.28,22.91,24.38,737939.8
1648598400000,24.38,26.13,23.19,25.59,771155.8
1648684800000,25.57,27.81,24.43,26.7,718439.7
