1592438400000,0.0227,0.0227,0.0202,0.02084,565507291.0
1592524800000,0.02087,0.0219,0.01834,0.01871,829409796.0
1592611200000,0.01871,0.0195,0.01755,0.01908,1069767141.0
1592697600000,0.01908,0.02097,0.01868,0.0199,1368315995.0
1592784000000,0.0199,0.0206,0.01936,0.02006,650775513.0
1592870400000,0.02007,0.02028,0.01888,0.01943,497046487.0
1592956800000,0.01943,0.0205,0.01849,0.01953,643872599.0
1593043200000,0.01952,0.01977,0.01873,0.01891,341762955.0
1593129600000,0.01891,0.01904,0.01778,0.01789,468372549.0
1593216000000,0.0179,0.01793,0.01455,0.0158,888579264.0
1593302400000,0.0158,0.0185,0.0157,0.01794,1411453566.0
1593388800000,0.01794,0.01837,0.0169,0.01799,828402531.0
1593475200000,0.018,0.01805,0.01721,0.01741,427343297.0
1593561600000,0.01741,0.01784,0.01696,0.01741,394297442.0
1593648000000,0.01742,0.0181,0.01652,0.01734,431822495.0
1593734400000,0.01734,0.0175,0.01667,0.01704,311397926.0
1593820800000,0.01704,0.01959,0.01695,0.0192,1052672771.0
1593907200000,0.01918,0.01948,0.01764,0.01874,958186139.0
1593993600000,0.01874,0.0194,0.01853,0.01903,536766934.0
1594080000000,0.01905,0.0209,0.01867,0.02049,987477518.0
1594166400000,0.02049,0.02143,0.02017,0.02095,766842912.0
1594252800000,0.02095,0.02103,0.01923,0.01988,651822550.0
1594339200000,0.01988,0.01998,0.01875,0.0197,416118568.0
1594425600000,0.0197,0.02047,0.01945,0.02003,405053412.0
1594512000000,0.02004,0.02015,0.01919,0.01949,206333466.0
1594598400000,0.0195,0.02098,0.0191,0.02006,565578413.0
1594684800000,0.02003,0.02017,0.01924,0.01988,288750348.0
1594771200000,0.01987,0.02012,0.01906,0.01912,275359012.0
1594857600000,0.01912,0.01914,0.01719,0.01804,680338720.0
1594944000000,0.01803,0.01859,0.0177,0.01812,340985074.0
1595030400000,0.01813,0.01826,0.01773,0.01792,202587754.0
1595116800000,0.01793,0.01826,0.0175,0.01793,333180887.0
1595203200000,0.01794,0.01803,0.01678,0.01726,354784078.0
1595289600000,0.01724,0.01825,0.01723,0.01799,424302237.0
1595376000000,0.01799,0.01888,0.0176,0.01885,395411577.0
1595462400000,0.01886,0.01977,0.0186,0.01967,524835154.0
1595548800000,0.01969,0.01969,0.01826,0.01846,366615190.0
1595635200000,0.01845,0.01877,0.01835,0.01861,317723144.0
1595721600000,0.01861,0.01871,0.01765,0.01804,345587410.0
1595808000000,0.01804,0.0181,0.01625,0.01697,862949085.0
1595894400000,0.01696,0.01806,0.01678,0.01801,471386593.0
1595980800000,0.01803,0.0185,0.01759,0.01768,456441848.0
1596067200000,0.01768,0.01994,0.0175,0.01822,1114787863.0
1596153600000,0.0182,0.019,0.01785,0.018,480893156.0
1596240000000,0.01801,0.01879,0.01796,0.01869,655285883.0
1596326400000,0.01869,0.019,0.014,0.01786,747856800.0
1596412800000,0.01786,0.01835,0.01737,0.01759,293032565.0
1596499200000,0.0176,0.01853,0.01759,0.01846,349246603.0
1596585600000,0.01846,0.0198,0.01814,0.01964,687599530.0
1596672000000,0.01964,0.02095,0.01933,0.02017,848923568.0
1596758400000,0.02017,0.02278,0.02006,0.02184,1485390502.0
1596844800000,0.02188,0.02696,0.02142,0.02611,1633033715.0
1596931200000,0.02612,0.02615,0.02336,0.02522,774872684.0
1597017600000,0.02522,0.02603,0.02281,0.02499,972624943.0
1597104000000,0.02499,0.02856,0.02409,0.02608,1601399451.0
1597190400000,0.02608,0.0269,0.02356,0.02556,784745025.0
1597276800000,0.02561,0.0274,0.02444,0.02551,884160066.0
1597363200000,0.0255,0.0266,0.02484,0.02506,565209823.0
1597449600000,0.02509,0.02562,0.02365,0.02477,436969812.0
1597536000000,0.02477,0.0275,0.0245,0.02636,762926354.0
1597622400000,0.02637,0.02703,0.02478,0.02522,591876528.0
1597708800000,0.02527,0.02589,0.02239,0.02319,623403967.0
1597795200000,0.02319,0.02398,0.02065,0.0219,893516621.0
1597881600000,0.02192,0.02321,0.02172,0.0228,337107470.0
1597968000000,0.0228,0.02483,0.02098,0.02119,729236692.0
1598054400000,0.02121,0.0221,0.02,0.02193,539168250.0
1598140800000,0.02192,0.0223,0.02088,0.02145,294538584.0
1598227200000,0.02146,0.0244,0.02109,0.02372,544334694.0
1598313600000,0.02372,0.02418,0.02045,0.02133,575956627.0
1598400000000,0.02133,0.0226,0.02092,0.02244,402252367.0
1598486400000,0.02244,0.02249,0.01926,0.0203,397225116.0
1598572800000,0.02033,0.02123,0.01996,0.02103,265160130.0
1598659200000,0.02103,0.02143,0.02042,0.02096,205965445.0
1598745600000,0.02095,0.02336,0.02085,0.02329,485898119.0
1598832000000,0.0233,0.02447,0.02239,0.02244,818342364.0
1598918400000,0.02244,0.02334,0.02173,0.02194,572811144.0
1599004800000,0.02195,0.02259,0.0185,0.02038,680606799.0
1599091200000,0.02038,0.02055,0.01419,0.01586,1014745273.0
1599177600000,0.01585,0.01727,0.01499,0.01658,729874831.0
1599264000000,0.01658,0.01718,0.01322,0.01494,690721766.0
1599350400000,0.01494,0.01575,0.01389,0.0153,403555427.0
1599436800000,0.01528,0.01576,0.01395,0.0153,326706165.0
1599523200000,0.01532,0.01665,0.01464,0.01556,406211078.0
1599609600000,0.01556,0.01697,0.01524,0.01648,355206804.0
1599696000000,0.01648,0.01787,0.01645,0.0173,274746655.0
1599782400000,0.01731,0.01747,0.0165,0.01727,198738755.0
1599868800000,0.01726,0.01794,0.01687,0.01782,219669108.0
1599955200000,0.01782,0.01785,0.01602,0.01669,224002095.0
1600041600000,0.01669,0.01702,0.01613,0.01677,202677148.0
1600128000000,0.01677,0.01699,0.01558,0.01566,201734107.0
1600214400000,0.01566,0.01694,0.01507,0.01686,318873394.0
1600300800000,0.01686,0.01758,0.01614,0.01664,234269273.0
1600387200000,0.01664,0.01737,0.01642,0.01706,260022765.0
1600473600000,0.01706,0.01723,0.01644,0.01689,143419488.0
1600560000000,0.01689,0.01696,0.01521,0.01572,174821606.0
1600646400000,0.01572,0.01609,0.01266,0.01378,553564384.0
1600732800000,0.01378,0.01435,0.01341,0.01417,336644459.0
1600819200000,0.01415,0.01484,0.01291,0.01389,428121186.0
1600905600000,0.01388,0.01471,0.01357,0.01461,386660685.0
1600992000000,0.01462,0.01637,0.01438,0.01596,455724570.0
1601078400000,0.01595,0.01662,0.0158,0.01634,271833181.0
1601164800000,0.01634,0.01657,0.01507,0.01551,248182789.0
1601251200000,0.01552,0.01622,0.01501,0.01511,227693565.0
1601337600000,0.01511,0.01787,0.01501,0.0175,798665520.0
1601424000000,0.0175,0.0199,0.01687,0.01955,1904367146.0
1601510400000,0.01954,0.02063,0.01806,0.01947,1512021183.0
1601596800000,0.01946,0.0196,0.01628,0.01803,1258667204.0
1601683200000,0.01804,0.01962,0.01741,0.01855,594368720.0
1601769600000,0.01855,0.02142,0.01824,0.02118,942419931.0
1601856000000,0.02118,0.02166,0.01996,0.02065,1108322946.0
1601942400000,0.02066,0.02069,0.01773,0.01817,763792087.0
1602028800000,0.01818,0.01924,0.01742,0.01883,522848628.0
1602115200000,0.01882,0.01951,0.01751,0.01922,483410932.0
1602201600000,0.01922,0.02044,0.01848,0.02014,392179048.0
1602288000000,0.02016,0.02095,0.0193,0.01978,627144308.0
1602374400000,0.01978,0.02081,0.01931,0.02055,455864952.0
1602460800000,0.02056,0.02112,0.02005,0.02026,419306404.0
1602547200000,0.02026,0.02068,0.01963,0.01998,267003581.0
1602633600000,0.01999,0.02008,0.01823,0.01899,311425923.0
1602720000000,0.01898,0.01931,0.01833,0.01861,292936688.0
1602806400000,0.01861,0.01882,0.0172,0.01799,291785853.0
1602892800000,0.018,0.01839,0.01774,0.01808,125983023.0
1602979200000,0.01809,0.0185,0.01802,0.01841,139539055.0
1603065600000,0.01842,0.01992,0.01773,0.01969,496631235.0
1603152000000,0.01971,0.0206,0.01795,0.01828,568831902.0
1603238400000,0.01827,0.01915,0.01814,0.0186,251178675.0
1603324800000,0.01858,0.01997,0.01851,0.01952,231753548.0
1603411200000,0.0195,0.02001,0.01908,0.0197,180777634.0
1603497600000,0.01973,0.0202,0.01925,0.01945,137698328.0
1603584000000,0.01945,0.01975,0.01885,0.01895,157284129.0
1603670400000,0.01895,0.01926,0.01801,0.01832,162203829.0
1603756800000,0.01832,0.01907,0.01824,0.0186,220976054.0
1603843200000,0.0186,0.01864,0.01737,0.01773,354496173.0
1603929600000,0.01773,0.01805,0.0173,0.01755,266326044.0
1604016000000,0.01754,0.01795,0.0166,0.01748,341589346.0
1604102400000,0.01749,0.01801,0.01731,0.01764,161157579.0
1604188800000,0.01764,0.0181,0.01742,0.01791,115516823.0
1604275200000,0.01791,0.01814,0.01709,0.01718,195864875.0
1604361600000,0.01719,0.01741,0.01655,0.01739,184471593.0
1604448000000,0.01739,0.01763,0.0167,0.01749,215033691.0
1604534400000,0.01748,0.01888,0.01747,0.01882,270985676.0
1604620800000,0.01883,0.02049,0.01857,0.02047,594527889.0
1604707200000,0.02048,0.02098,0.01759,0.01845,895716855.0
1604793600000,0.01844,0.01962,0.01822,0.01921,291595687.0
1604880000000,0.01922,0.01946,0.01852,0.01932,254154979.0
1604966400000,0.01933,0.02045,0.01904,0.02015,306426881.0
1605052800000,0.02014,0.02089,0.02003,0.02015,255158680.0
1605139200000,0.02014,0.02049,0.01902,0.01919,257543201.0
1605225600000,0.01919,0.02046,0.01918,0.02025,222242252.0
1605312000000,0.02026,0.02039,0.01945,0.02015,187807268.0
1605398400000,0.02016,0.02149,0.01914,0.01987,614688054.0
1605484800000,0.01985,0.0224,0.0196,0.02194,631539209.0
1605571200000,0.02194,0.02316,0.02131,0.02291,553922362.0
1605657600000,0.02291,0.02319,0.02059,0.02176,781051896.0
1605744000000,0.02176,0.02203,0.02077,0.02115,462518724.0
1605830400000,0.02115,0.02267,0.02096,0.02251,407006578.0
1605916800000,0.0225,0.024,0.02218,0.02374,908364798.0
1606003200000,0.02374,0.0243,0.0212,0.02265,761429506.0
1606089600000,0.02266,0.0246,0.02221,0.02457,517672466.0
1606176000000,0.02457,0.02592,0.02303,0.02546,1066111248.0
1606262400000,0.02546,0.03675,0.02499,0.02886,3406138321.0
1606348800000,0.02886,0.03244,0.02247,0.02578,2640399678.0
1606435200000,0.02578,0.02674,0.02293,0.02455,620358752.0
1606521600000,0.02457,0.02841,0.02406,0.02676,763114143.0
1606608000000,0.02675,0.03069,0.02633,0.02927,918233421.0
1606694400000,0.02928,0.0309,0.0277,0.02933,795107583.0
1606780800000,0.02935,0.03141,0.02645,0.02791,873247488.0
1606867200000,0.02788,0.03333,0.02745,0.03114,876795813.0
1606953600000,0.03113,0.03396,0.03061,0.03353,616105351.0
1607040000000,0.03353,0.03479,0.0288,0.02947,793192915.0
1607126400000,0.02947,0.03454,0.029,0.03402,612828027.0
1607212800000,0.03401,0.03572,0.03337,0.03536,902515558.0
1607299200000,0.03537,0.03656,0.03351,0.03557,784653822.0
1607385600000,0.03556,0.03561,0.03078,0.0314,775327118.0
1607472000000,0.0314,0.03246,0.02853,0.03104,586956579.0
1607558400000,0.03102,0.03356,0.02948,0.03259,636837219.0
1607644800000,0.03259,0.0328,0.02931,0.02946,742454579.0
1607731200000,0.02947,0.0331,0.02934,0.03263,363356559.0
1607817600000,0.03261,0.03396,0.03223,0.03273,354561087.0
1607904000000,0.03272,0.03318,0.03155,0.03296,228715120.0
1607990400000,0.03296,0.03562,0.03228,0.03499,518263742.0
1608076800000,0.03501,0.03985,0.0341,0.03924,1393845423.0
1608163200000,0.03924,0.04046,0.03661,0.03785,987574151.0
1608249600000,0.03786,0.04485,0.03675,0.04373,1266810157.0
1608336000000,0.04373,0.054,0.04362,0.05012,2557104386.0
1608422400000,0.05012,0.05388,0.04451,0.04626,1409595578.0
1608508800000,0.04624,0.05418,0.04549,0.04935,1758666275.0
1608595200000,0.04937,0.05312,0.04474,0.0513,945617791.0
1608681600000,0.0513,0.06502,0.05092,0.05705,2690279964.0
1608768000000,0.05705,0.06189,0.05021,0.05915,1432103151.0
1608854400000,0.05914,0.06599,0.0576,0.06314,986563359.0
1608940800000,0.06314,0.0933,0.06259,0.08651,2577644917.0
1609027200000,0.08651,0.09902,0.0734,0.07641,3281502376.0
1609113600000,0.07641,0.093,0.07529,0.0891,1463974553.0
1609200000000,0.0891,0.09066,0.07735,0.08423,799047894.0
1609286400000,0.08421,0.0846,0.07015,0.07704,983683176.0
1609372800000,0.07702,0.08555,0.07192,0.08251,853112019.0
1609459200000,0.08253,0.0887,0.07725,0.07883,706101501.0
1609545600000,0.07881,0.081,0.07041,0.07226,539285032.0
1609632000000,0.07227,0.07681,0.06479,0.068,1135776166.0
1609718400000,0.06809,0.07817,0.06632,0.07005,922130419.0
1609804800000,0.07008,0.07506,0.0654,0.07043,758827062.0
1609891200000,0.07038,0.08545,0.06975,0.07804,977390134.0
1609977600000,0.07811,0.08512,0.07038,0.07601,908157582.0
1610064000000,0.07603,0.07746,0.06794,0.07339,556115678.0
1610150400000,0.07338,0.08043,0.07113,0.07613,509865813.0
1610236800000,0.07614,0.08392,0.06713,0.07301,786970023.0
1610323200000,0.07296,0.07338,0.0515,0.06487,1140765166.0
1610409600000,0.06488,0.07093,0.05809,0.06201,598918976.0
1610496000000,0.06201,0.0723,0.05877,0.07055,456733218.0
1610582400000,0.07055,0.0726,0.06616,0.06921,563521347.0
1610668800000,0.06921,0.0704,0.06001,0.06625,484241808.0
1610755200000,0.06625,0.07626,0.06601,0.0735,677326530.0
1610841600000,0.07349,0.07962,0.06976,0.07357,641615397.0
1610928000000,0.07359,0.0815,0.07066,0.07899,729892318.0
1611014400000,0.07899,0.07958,0.07206,0.07362,444625084.0
1611100800000,0.07362,0.07563,0.06819,0.0742,456250222.0
1611187200000,0.0742,0.07495,0.06054,0.06222,393789953.0
1611273600000,0.06217,0.06974,0.0568,0.06757,386843203.0
1611360000000,0.06757,0.07057,0.06542,0.06801,283413550.0
1611446400000,0.06798,0.07288,0.06724,0.0692,306127712.0
1611532800000,0.06924,0.07223,0.06568,0.06674,271918232.0
1611619200000,0.06676,0.06861,0.06361,0.06793,285504787.0
1611705600000,0.06792,0.06837,0.06004,0.06206,308664430.0
1611792000000,0.06208,0.0679,0.06138,0.06551,250975862.0
1611878400000,0.06554,0.07162,0.06328,0.0674,499207405.0
1611964800000,0.06739,0.079,0.06469,0.0734,695206113.0
1612051200000,0.07346,0.08154,0.06622,0.06923,700152921.0
1612137600000,0.0692,0.07759,0.06701,0.07524,516157983.0
1612224000000,0.07519,0.08191,0.07206,0.07779,555805631.0
1612310400000,0.07782,0.08375,0.07562,0.07979,503474135.0
1612396800000,0.07975,0.08091,0.07176,0.07642,409256879.0
1612483200000,0.07644,0.08611,0.0756,0.08279,622504783.0
1612569600000,0.08278,0.0834,0.07536,0.07902,376216046.0
1612656000000,0.07903,0.08164,0.07295,0.07612,339351779.0
1612742400000,0.07612,0.08282,0.075,0.08011,377294728.0
1612828800000,0.08008,0.10996,0.08004,0.10515,1058122159.0
1612915200000,0.1052,0.11563,0.09066,0.10434,947811814.0
1613001600000,0.10427,0.12095,0.10339,0.11582,619497835.0
1613088000000,0.11589,0.121,0.1071,0.11826,391549585.0
1613174400000,0.11836,0.16125,0.11759,0.14832,1278922115.0
1613260800000,0.14842,0.16011,0.12646,0.13368,730369705.0
1613347200000,0.13377,0.14702,0.10862,0.13201,854628179.0
1613433600000,0.13211,0.14058,0.12263,0.13177,471743764.0
1613520000000,0.13163,0.14014,0.12115,0.13741,390041900.0
1613606400000,0.13755,0.14599,0.13312,0.13941,384385735.0
1613692800000,0.13948,0.1498,0.1275,0.14952,450977022.0
1613779200000,0.14958,0.15705,0.12428,0.13518,638334516.0
1613865600000,0.13528,0.14306,0.13094,0.13725,350422187.0
1613952000000,0.13735,0.13996,0.0995,0.12327,609374822.0
1614038400000,0.12318,0.12441,0.07977,0.10531,813538368.0
1614124800000,0.10537,0.12317,0.09842,0.11194,544226035.0
1614211200000,0.11199,0.1251,0.10796,0.10894,331123039.0
1614297600000,0.10898,0.11585,0.1017,0.10932,321561929.0
1614384000000,0.10931,0.12088,0.10903,0.11563,244734697.0
1614470400000,0.11565,0.11651,0.09845,0.10756,282245462.0
1614556800000,0.10754,0.11868,0.10638,0.11604,225261033.0
1614643200000,0.11603,0.12,0.10946,0.11414,249877016.0
1614729600000,0.11415,0.13093,0.11262,0.12632,331293589.0
1614816000000,0.1263,0.12889,0.11556,0.11849,356167935.0
1614902400000,0.1185,0.11865,0.10972,0.11593,204166511.0
1614988800000,0.11598,0.11856,0.11124,0.11602,144218156.0
1615075200000,0.11606,0.11962,0.11442,0.11824,151289902.0
1615161600000,0.1183,0.12788,0.11474,0.12563,302474020.0
1615248000000,0.12561,0.136,0.12253,0.13493,385080620.0
1615334400000,0.13493,0.13574,0.12244,0.12763,365479184.0
1615420800000,0.12762,0.18057,0.12761,0.17688,1637946504.0
1615507200000,0.17687,0.19795,0.15584,0.16357,1141621352.0
1615593600000,0.16357,0.18442,0.15362,0.18309,606697823.0
1615680000000,0.18327,0.18829,0.16211,0.16435,444553524.0
1615766400000,0.16434,0.17426,0.14594,0.16114,522813434.0
1615852800000,0.1611,0.16652,0.14998,0.15534,399202306.0
1615939200000,0.15535,0.2,0.1513,0.19728,1386013311.0
1616025600000,0.19713,0.204,0.17538,0.1794,715697288.0
1616112000000,0.17936,0.1943,0.17335,0.1841,398628757.0
1616198400000,0.18409,0.19055,0.17064,0.1711,325233828.0
1616284800000,0.17119,0.17665,0.16545,0.17489,263579452.0
1616371200000,0.17491,0.18333,0.16023,0.16168,354448569.0
1616457600000,0.1617,0.16967,0.15431,0.16651,329594285.0
1616544000000,0.16655,0.1832,0.15,0.15688,548123795.0
1616630400000,0.15682,0.16228,0.14627,0.15401,403652097.0
1616716800000,0.15401,0.16889,0.154,0.16719,315285683.0
1616803200000,0.16719,0.17272,0.16008,0.16706,246037808.0
1616889600000,0.16711,0.17644,0.1634,0.17178,326111373.0
1616976000000,0.17178,0.18059,0.17026,0.17829,245449015.0
1617062400000,0.17828,0.18966,0.174,0.18368,309656015.0
1617148800000,0.18377,0.18777,0.16677,0.17683,321982420.0
1617235200000,0.17689,0.18227,0.171,0.17768,228212397.0
1617321600000,0.1777,0.216,0.17631,0.20321,636651473.0
1617408000000,0.20312,0.20901,0.1802,0.18169,443611007.0
1617494400000,0.18175,0.2261,0.17846,0.22227,669780834.0
1617580800000,0.22241,0.22882,0.20721,0.2125,530154330.0
1617667200000,0.21251,0.2232,0.19371,0.20562,470221165.0
1617753600000,0.20564,0.20638,0.18168,0.19142,461523703.0
1617840000000,0.19138,0.2095,0.18959,0.2065,300736985.0
1617926400000,0.20644,0.22039,0.20013,0.21962,291542731.0
1618012800000,0.21964,0.22021,0.2024,0.20851,257495644.0
1618099200000,0.20852,0.21016,0.20166,0.2051,202955088.0
1618185600000,0.20517,0.20611,0.1935,0.19688,248798625.0
1618272000000,0.19688,0.20704,0.1917,0.20361,330126902.0
1618358400000,0.2035,0.20452,0.18804,0.20048,361833393.0
1618444800000,0.20051,0.22029,0.197,0.21622,411282699.0
1618531200000,0.21629,0.24354,0.1952,0.23711,585877172.0
1618617600000,0.2373,0.25548,0.21542,0.22067,637159295.0
1618704000000,0.22069,0.22505,0.16959,0.20189,669016520.0
1618790400000,0.20193,0.20914,0.1776,0.18115,381642125.0
1618876800000,0.18111,0.19596,0.16339,0.19252,514336819.0
1618963200000,0.19253,0.19499,0.17458,0.17604,311058796.0
1619049600000,0.17596,0.1919,0.15706,0.16184,519794764.0
1619136000000,0.16177,0.1664,0.11492,0.15916,954476343.0
1619222400000,0.1592,0.1598,0.14232,0.14336,248077711.0
1619308800000,0.1434,0.15624,0.1327,0.14131,245074754.0
1619395200000,0.14129,0.16752,0.13957,0.16441,280070302.0
1619481600000,0.16443,0.21644,0.16052,0.21286,1140332518.0
1619568000000,0.2129,0.22408,0.18296,0.19862,837525951.0
1619654400000,0.19865,0.20267,0.18262,0.19226,370701227.0
1619740800000,0.19221,0.21035,0.18826,0.20542,305319866.0
1619827200000,0.20543,0.2174,0.20074,0.21045,342005755.0
1619913600000,0.2105,0.21118,0.19823,0.20457,215015326.0
1620000000000,0.20457,0.22526,0.20379,0.21217,436091893.0
1620086400000,0.21222,0.21239,0.19054,0.19335,462856053.0
1620172800000,0.19324,0.21792,0.1913,0.21204,330833122.0
1620259200000,0.21203,0.25762,0.20757,0.23375,1063593025.0
1620345600000,0.23379,0.24617,0.2191,0.22578,537099334.0
1620432000000,0.22584,0.2414,0.22303,0.23473,444300067.0
1620518400000,0.23467,0.24211,0.21659,0.23555,465705629.0
1620604800000,0.23547,0.25049,0.19287,0.20737,659062909.0
1620691200000,0.20745,0.22282,0.20189,0.21972,400292628.0
1620777600000,0.21971,0.22315,0.176,0.18046,395798823.0
1620864000000,0.18055,0.19802,0.16825,0.1856,530836770.0
1620950400000,0.18557,0.20693,0.18471,0.20065,261584451.0
1621036800000,0.20063,0.20425,0.1832,0.18527,255522989.0
1621123200000,0.18516,0.20333,0.17218,0.18303,304563224.0
1621209600000,0.18291,0.18292,0.16168,0.16927,584292329.0
1621296000000,0.16928,0.18468,0.16667,0.17515,314872173.0
1621382400000,0.17531,0.17773,0.07217,0.11064,939264357.0
1621468800000,0.11053,0.14631,0.09893,0.14322,710016746.0
1621555200000,0.14318,0.14576,0.09729,0.11401,509334077.0
1621641600000,0.11399,0.1173,0.09802,0.1046,429118814.0
1621728000000,0.10458,0.11013,0.06903,0.08674,783331197.0
1621814400000,0.08686,0.10955,0.08413,0.10916,511692003.0
1621900800000,0.10916,0.11361,0.09759,0.10735,380248565.0
1621987200000,0.10736,0.13402,0.10512,0.13341,453455389.0
1622073600000,0.1334,0.13515,0.11869,0.12145,336431762.0
1622160000000,0.12147,0.12286,0.10042,0.11077,426345343.0
1622246400000,0.11077,0.11537,0.09368,0.09936,320273764.0
1622332800000,0.09937,0.11043,0.09342,0.10524,266649071.0
1622419200000,0.10524,0.11579,0.10024,0.11562,259769851.0
1622505600000,0.11563,0.1207,0.10936,0.11801,264206633.0
1622592000000,0.11801,0.12962,0.11734,0.12314,377236527.0
1622678400000,0.12317,0.15446,0.121,0.13952,1224598744.0
1622764800000,0.1395,0.13961,0.11908,0.12619,538722129.0
1622851200000,0.12627,0.13671,0.11492,0.12018,387118555.0
1622937600000,0.12017,0.1313,0.11925,0.12348,382475008.0
1623024000000,0.1235,0.12899,0.10799,0.11082,414403385.0
1623110400000,0.11081,0.11299,0.09846,0.10795,586347062.0
1623196800000,0.10795,0.1158,0.10326,0.11504,366672277.0
1623283200000,0.11507,0.11681,0.10498,0.10842,248493118.0
1623369600000,0.10842,0.11624,0.10061,0.1022,464303869.0
1623456000000,0.10218,0.10284,0.092,0.09865,373136647.0
1623542400000,0.09867,0.10926,0.09538,0.10756,274632491.0
1623628800000,0.10756,0.11152,0.10431,0.11043,295295241.0
1623715200000,0.11044,0.11444,0.10563,0.10724,269421717.0
1623801600000,0.10724,0.11432,0.1028,0.104,323357679.0
1623888000000,0.10401,0.10958,0.10158,0.10346,282848121.0
1623974400000,0.10345,0.10355,0.09233,0.09622,317971558.0
1624060800000,0.09623,0.0988,0.0927,0.0929,175008452.0
1624147200000,0.09289,0.09711,0.08581,0.0956,238628399.0
1624233600000,0.09559,0.09618,0.07183,0.07213,568080744.0
1624320000000,0.07211,0.07887,0.05967,0.06857,811436639.0
1624406400000,0.06859,0.07917,0.06543,0.07361,502035622.0
1624492800000,0.07361,0.07989,0.07027,0.07888,423325108.0
1624579200000,0.07888,0.08161,0.06868,0.06929,506837611.0
1624665600000,0.06929,0.07156,0.06567,0.06995,403647338.0
1624752000000,0.06995,0.07224,0.06689,0.0721,305408856.0
1624838400000,0.07209,0.08451,0.07097,0.07994,582389304.0
1624924800000,0.07993,0.08854,0.07928,0.08615,553127535.0
1625011200000,0.08615,0.08983,0.07973,0.08786,418573523.0
1625097600000,0.08785,0.08796,0.0795,0.08197,291757568.0
1625184000000,0.08191,0.08321,0.0771,0.08134,281979406.0
1625270400000,0.08138,0.0827,0.07874,0.08224,214215199.0
1625356800000,0.08223,0.08444,0.07885,0.08281,317514043.0
1625443200000,0.08277,0.08277,0.07674,0.07953,295379551.0
1625529600000,0.07954,0.08263,0.07819,0.08063,320431045.0
1625616000000,0.08063,0.08515,0.07896,0.08126,366947166.0
1625702400000,0.08125,0.08135,0.07351,0.07485,393745556.0
1625788800000,0.07485,0.07551,0.07056,0.07489,296335219.0
1625875200000,0.07489,0.07583,0.07114,0.07283,199938848.0
1625961600000,0.07284,0.07454,0.07139,0.07381,144957604.0
1626048000000,0.07382,0.07493,0.07001,0.0717,185064398.0
1626134400000,0.07169,0.07209,0.06761,0.06906,226313056.0
1626220800000,0.06906,0.07116,0.06431,0.07108,282157883.0
1626307200000,0.07107,0.0714,0.06482,0.06733,269886287.0
1626393600000,0.06734,0.06827,0.06139,0.06165,235878439.0
1626480000000,0.06166,0.06331,0.06023,0.06208,193349953.0
1626566400000,0.06213,0.06493,0.06132,0.06318,194083914.0
1626652800000,0.06315,0.06362,0.05775,0.05799,209899267.0
1626739200000,0.05802,0.05913,0.05062,0.05333,364329337.0
1626825600000,0.05333,0.06019,0.05179,0.05855,357133977.0
1626912000000,0.05857,0.06285,0.05765,0.06201,386101559.0
1626998400000,0.062,0.06357,0.05924,0.0629,295275127.0
1627084800000,0.06291,0.06632,0.06249,0.0645,263338717.0
1627171200000,0.0645,0.07523,0.0621,0.07416,1142062430.0
1627257600000,0.07416,0.08484,0.07316,0.07421,1357622919.0
1627344000000,0.07423,0.07827,0.06951,0.0764,781764417.0
1627430400000,0.07637,0.07687,0.07252,0.07413,399290036.0
1627516800000,0.07414,0.07871,0.07282,0.07591,462104167.0
1627603200000,0.07591,0.08072,0.07308,0.08043,557091934.0
1627689600000,0.08041,0.08504,0.07779,0.08362,508969066.0
1627776000000,0.08359,0.08848,0.07853,0.07957,510382414.0
1627862400000,0.0796,0.08483,0.07775,0.08156,342678545.0
1627948800000,0.08154,0.08196,0.07671,0.07884,299219371.0
1628035200000,0.07884,0.08176,0.07686,0.08132,228442542.0
1628121600000,0.08132,0.08745,0.07803,0.08616,616537003.0
1628208000000,0.08617,0.09146,0.08347,0.09125,691152293.0
1628294400000,0.09127,0.09608,0.089,0.09316,619625495.0
1628380800000,0.09316,0.09492,0.0855,0.08712,411811574.0
1628467200000,0.08709,0.09329,0.08372,0.09173,445575047.0
1628553600000,0.09173,0.1,0.09058,0.09779,542042364.0
1628640000000,0.09775,0.10693,0.09699,0.10462,524674374.0
1628726400000,0.1046,0.10669,0.09484,0.0993,454764714.0
1628812800000,0.09932,0.10702,0.09758,0.10609,398624633.0
1628899200000,0.10608,0.1165,0.10431,0.11175,733139042.0
1628985600000,0.11177,0.11338,0.10526,0.11188,409193072.0
1629072000000,0.11186,0.11611,0.10592,0.10681,460651957.0
1629158400000,0.10686,0.11317,0.0984,0.09956,582677114.0
1629244800000,0.09957,0.10198,0.09319,0.09758,499638295.0
1629331200000,0.09751,0.10466,0.09565,0.10452,467200371.0
1629417600000,0.10453,0.10977,0.103,0.1082,348467463.0
1629504000000,0.1082,0.11304,0.10554,0.10706,453208221.0
1629590400000,0.10706,0.11157,0.10519,0.10975,386252403.0
1629676800000,0.10976,0.12235,0.10836,0.11533,738492333.0
1629763200000,0.1153,0.12427,0.1045,0.10727,761592183.0
1629849600000,0.10725,0.1141,0.10343,0.11296,491839468.0
1629936000000,0.11297,0.11868,0.10421,0.1056,662630357.0
1630022400000,0.10556,0.11331,0.10203,0.11274,607063774.0
1630108800000,0.11278,0.11415,0.10946,0.11349,340810838.0
1630195200000,0.1136,0.11497,0.10775,0.11006,385314879.0
1630281600000,0.11007,0.11322,0.10511,0.10727,406209869.0
1630368000000,0.10729,0.11284,0.10429,0.10825,401468689.0
1630454400000,0.10823,0.11606,0.10586,0.11539,457662425.0
1630540800000,0.11539,0.11628,0.11163,0.11409,337169345.0
1630627200000,0.11408,0.12329,0.11182,0.11952,681181611.0
1630713600000,0.11951,0.12624,0.11825,0.12245,562547656.0
1630800000000,0.12244,0.13672,0.12068,0.1329,680161318.0
1630886400000,0.13289,0.13508,0.12223,0.13096,528281420.0
1630972800000,0.13094,0.13124,0.08439,0.10187,1147096663.0
1631059200000,0.10182,0.10606,0.09157,0.1032,596588858.0
1631145600000,0.10321,0.11097,0.10133,0.10825,447598319.0
1631232000000,0.10824,0.121,0.10309,0.10647,942442209.0
1631318400000,0.10648,0.11197,0.10413,0.10699,341514110.0
1631404800000,0.107,0.11291,0.1043,0.112,345536846.0
1631491200000,0.11198,0.11394,0.09638,0.10248,425714687.0
1631577600000,0.1025,0.10723,0.1007,0.10674,300979479.0
1631664000000,0.10673,0.11261,0.10455,0.11131,333053820.0
1631750400000,0.11135,0.11634,0.1071,0.11196,621593630.0
1631836800000,0.11196,0.1169,0.10576,0.10772,514281133.0
1631923200000,0.10775,0.11144,0.10583,0.10847,181288551.0
1632009600000,0.10847,0.10872,0.101,0.10257,167129925.0
1632096000000,0.10257,0.10277,0.08407,0.0871,533493797.0
1632182400000,0.08709,0.0911,0.07832,0.08082,514013593.0
1632268800000,0.08081,0.09223,0.07885,0.09192,405755550.0
1632355200000,0.09188,0.09342,0.08836,0.09306,356693541.0
1632441600000,0.09306,0.09346,0.07927,0.0849,479971733.0
1632528000000,0.08488,0.08629,0.08153,0.08377,385829119.0
1632614400000,0.08376,0.08456,0.07683,0.08346,311207572.0
1632700800000,0.08344,0.0857,0.07912,0.07924,284623275.0
1632787200000,0.07924,0.0804,0.07476,0.07514,361546335.0
1632873600000,0.07514,0.08517,0.07456,0.08244,1055862922.0
1632960000000,0.08241,0.08935,0.0822,0.08579,1133741897.0
1633046400000,0.08579,0.09589,0.08408,0.09467,713901836.0
1633132800000,0.0947,0.102,0.09306,0.09641,576622035.0
1633219200000,0.09643,0.10322,0.09415,0.09973,446922780.0
1633305600000,0.09974,0.10187,0.09456,0.09714,466007621.0
1633392000000,0.09712,0.10774,0.09633,0.10318,734017300.0
1633478400000,0.10328,0.10363,0.09361,0.09878,582707233.0
1633564800000,0.09881,0.10016,0.095,0.09847,394328171.0
1633651200000,0.09847,0.10294,0.09766,0.10005,450285267.0
1633737600000,0.10007,0.108,0.0991,0.10313,486332175.0
1633824000000,0.10311,0.10322,0.09508,0.09557,311301545.0
1633910400000,0.09557,0.09929,0.09155,0.09442,308630729.0
1633996800000,0.09443,0.0945,0.08647,0.09159,398879191.0
1634083200000,0.09158,0.09443,0.08945,0.09424,380908995.0
1634169600000,0.09422,0.09931,0.09368,0.09884,373735691.0
1634256000000,0.09885,0.09999,0.09234,0.09646,668035395.0
1634342400000,0.09646,0.10065,0.09513,0.09766,484101172.0
1634428800000,0.09766,0.0982,0.0905,0.09396,295137092.0
1634515200000,0.09398,0.09465,0.09087,0.09326,250457832.0
1634601600000,0.09324,0.0941,0.09068,0.09166,232537627.0
1634688000000,0.09165,0.09672,0.09081,0.09596,302099395.0
1634774400000,0.09597,0.10098,0.09319,0.09463,660692359.0
1634860800000,0.09463,0.1042,0.09397,0.10197,851542894.0
1634947200000,0.10197,0.10594,0.10018,0.10345,697993282.0
1635033600000,0.10346,0.10682,0.09954,0.10203,525990053.0
1635120000000,0.10202,0.11418,0.10154,0.1109,753996134.0
1635206400000,0.11091,0.11257,0.10565,0.10705,488451860.0
1635292800000,0.10707,0.11068,0.08988,0.09351,739175366.0
1635379200000,0.09354,0.10121,0.09343,0.0983,436174648.0
1635465600000,0.09828,0.10257,0.09769,0.10135,326596190.0
1635552000000,0.10137,0.10397,0.09761,0.10178,361695842.0
1635638400000,0.1018,0.1252,0.1015,0.11249,1887971250.0
1635724800000,0.11253,0.11303,0.104,0.11266,577546093.0
1635811200000,0.11264,0.11684,0.11001,0.11472,441447022.0
1635897600000,0.1148,0.11498,0.10607,0.10979,411662945.0
1635984000000,0.10979,0.11258,0.10535,0.10912,427969028.0
1636070400000,0.10911,0.11287,0.10702,0.10858,400227361.0
1636156800000,0.10856,0.11111,0.10373,0.10751,301193276.0
1636243200000,0.1075,0.11089,0.1072,0.10933,285356723.0
1636329600000,0.10931,0.11256,0.10749,0.1117,376067351.0
1636416000000,0.1117,0.11533,0.10984,0.11296,528019168.0
1636502400000,0.11292,0.11317,0.09461,0.10215,665070389.0
1636588800000,0.10215,0.10567,0.10065,0.10276,364174413.0
1636675200000,0.10278,0.10407,0.09711,0.10007,332658976.0
1636761600000,0.10007,0.10254,0.09979,0.1015,214933283.0
1636848000000,0.10149,0.10759,0.09895,0.10166,434470261.0
1636934400000,0.10166,0.10561,0.10006,0.10172,347536936.0
1637020800000,0.10172,0.10173,0.085,0.0929,742021672.0
1637107200000,0.09292,0.09677,0.09,0.09575,481643252.0
1637193600000,0.09575,0.097,0.08463,0.08715,481991978.0
1637280000000,0.08715,0.09259,0.08512,0.0914,333509987.0
1637366400000,0.09141,0.09329,0.08883,0.09311,226216016.0
1637452800000,0.09312,0.09498,0.09205,0.09285,269313600.0
1637539200000,0.09287,0.09316,0.0877,0.08896,379894401.0
1637625600000,0.08895,0.09082,0.08671,0.0901,283564904.0
1637712000000,0.0901,0.09163,0.08492,0.08714,307968718.0
1637798400000,0.08711,0.09104,0.08694,0.08959,288162335.0
1637884800000,0.08958,0.09053,0.07902,0.0816,552981860.0
1637971200000,0.08159,0.08526,0.08118,0.0836,221201244.0
1638057600000,0.0836,0.084,0.077,0.08385,318340776.0
1638144000000,0.08386,0.09572,0.08385,0.09138,1622646878.0
1638230400000,0.09138,0.09222,0.0864,0.08763,561070557.0
1638316800000,0.08763,0.09004,0.08576,0.08711,410781932.0
1638403200000,0.08712,0.08747,0.08372,0.0862,300911990.0
1638489600000,0.0862,0.0892,0.078,0.08181,632324377.0
1638576000000,0.08181,0.08196,0.05187,0.07009,1387555288.0
1638662400000,0.07007,0.07104,0.06348,0.06646,547005516.0
1638748800000,0.06646,0.06951,0.05992,0.06877,649397702.0
1638835200000,0.06877,0.07328,0.06777,0.06937,562494781.0
1638921600000,0.06936,0.07535,0.06841,0.07452,791084349.0
1639008000000,0.07454,0.07495,0.06619,0.06627,472319157.0
1639094400000,0.06626,0.06828,0.06212,0.0624,604810287.0
1639180800000,0.0624,0.06576,0.06131,0.06527,356499487.0
1639267200000,0.06527,0.06615,0.06303,0.0653,211332800.0
1639353600000,0.06532,0.0658,0.05729,0.05807,461082598.0
1639440000000,0.05807,0.06115,0.05695,0.06057,410609044.0
1639526400000,0.06056,0.06277,0.05786,0.06203,439082088.0
1639612800000,0.06205,0.06402,0.06006,0.06026,304608485.0
1639699200000,0.06026,0.06156,0.05747,0.05934,402105904.0
1639785600000,0.05934,0.0655,0.05847,0.06291,797549730.0
1639872000000,0.06292,0.0633,0.06037,0.06083,294689791.0
1639958400000,0.06082,0.0616,0.05716,0.05945,588747936.0
1640044800000,0.05946,0.06416,0.05845,0.06306,400510349.0
1640131200000,0.06308,0.06878,0.06302,0.0676,646396409.0
1640217600000,0.06759,0.07404,0.06591,0.07305,632581144.0
1640304000000,0.07306,0.07598,0.07066,0.07186,515860627.0
1640390400000,0.07187,0.07416,0.07114,0.07298,211671970.0
1640476800000,0.073,0.0767,0.07071,0.07666,329438634.0
1640563200000,0.07667,0.08519,0.07605,0.07921,1731080396.0
1640649600000,0.0792,0.08322,0.07354,0.07516,1142542941.0
1640736000000,0.07518,0.08216,0.07485,0.0801,1720286225.0
1640822400000,0.08007,0.08334,0.07523,0.0783,1281388913.0
1640908800000,0.0783,0.08028,0.07319,0.07462,795883460.0
1640995200000,0.07463,0.07676,0.07457,0.07662,417323620.0
1641081600000,0.0766,0.07792,0.0745,0.07707,440518999.0
1641168000000,0.07705,0.07776,0.07317,0.07439,489390933.0
1641254400000,0.07437,0.07448,0.07086,0.0711,524552849.0
1641340800000,0.07108,0.07335,0.06201,0.06663,644632780.0
1641427200000,0.06666,0.06721,0.06229,0.06555,510329729.0
1641513600000,0.06555,0.06658,0.06003,0.06331,663586998.0
1641600000000,0.06331,0.06518,0.05914,0.06067,405430524.0
1641686400000,0.0607,0.06326,0.06009,0.06199,262059354.0
1641772800000,0.062,0.06299,0.056,0.05891,479966358.0
1641859200000,0.05893,0.06138,0.05826,0.06078,333974305.0
1641945600000,0.06079,0.0666,0.0605,0.06532,443057115.0
1642032000000,0.06531,0.06898,0.06338,0.06366,659688499.0
1642118400000,0.06364,0.06551,0.06195,0.0641,411282897.0
1642204800000,0.06409,0.06665,0.06344,0.06535,269691513.0
1642291200000,0.06537,0.0666,0.06353,0.06473,308348858.0
1642377600000,0.06473,0.06493,0.06071,0.06186,383749407.0
1642464000000,0.06186,0.06253,0.05971,0.06109,347890597.0
1642550400000,0.06108,0.06127,0.0578,0.05909,418181639.0
1642636800000,0.05909,0.0625,0.05656,0.0569,679498494.0
1642723200000,0.05688,0.0579,0.04689,0.0484,811801265.0
1642809600000,0.04836,0.04972,0.03939,0.04278,1059084950.0
1642896000000,0.04278,0.04508,0.04211,0.04429,505390152.0
1642982400000,0.04428,0.04428,0.03747,0.04219,797136870.0
1643068800000,0.04221,0.04654,0.04111,0.04493,1096703656.0
1643155200000,0.04493,0.04843,0.04352,0.0448,900795190.0
1643241600000,0.04481,0.04541,0.04209,0.04406,629828507.0
1643328000000,0.04403,0.04556,0.04281,0.04525,401873999.0
1643414400000,0.04526,0.04634,0.0447,0.04569,269514870.0
1643500800000,0.04568,0.04667,0.04363,0.04444,241558683.0
1643587200000,0.04441,0.04506,0.04229,0.04482,331170081.0
1643673600000,0.04486,0.0466,0.04466,0.04549,433454446.0
1643760000000,0.04548,0.04708,0.04363,0.04401,401914197.0
1643846400000,0.04402,0.0452,0.04258,0.04518,403292394.0
1643932800000,0.04515,0.05019,0.04477,0.04986,1455343409.0
1644019200000,0.04988,0.05312,0.04906,0.05132,650579986.0
1644105600000,0.05132,0.05357,0.05032,0.05324,443607539.0
1644192000000,0.05324,0.05871,0.05187,0.05743,983848216.0
1644278400000,0.05743,0.05896,0.05349,0.05544,761777608.0
1644364800000,0.05546,0.05773,0.05384,0.05705,444034358.0
1644451200000,0.05705,0.05753,0.05302,0.05331,606324984.0
1644537600000,0.05331,0.05447,0.04824,0.04909,542680074.0
1644624000000,0.04908,0.04982,0.0466,0.04899,349000564.0
1644710400000,0.04897,0.04943,0.04662,0.04764,244374701.0
1644796800000,0.04765,0.04855,0.04603,0.04812,292240034.0
1644883200000,0.04814,0.05153,0.04807,0.05147,295881846.0
1644969600000,0.05147,0.05175,0.04917,0.05109,487102282.0
1645056000000,0.05108,0.05184,0.04575,0.04652,407803408.0
1645142400000,0.04652,0.04786,0.04516,0.04606,387207681.0
1645228800000,0.04606,0.0471,0.04453,0.04605,259660632.0
1645315200000,0.04606,0.04609,0.04263,0.04336,315412837.0
1645401600000,0.04334,0.04541,0.03929,0.0395,608428719.0
1645488000000,0.0395,0.04085,0.03808,0.04076,536216186.0
1645574400000,0.04075,0.04221,0.03863,0.03883,489577919.0
1645660800000,0.03883,0.03917,0.03311,0.03817,1067922259.0
1645747200000,0.03818,0.04137,0.03765,0.04087,450880001.0
1645833600000,0.0409,0.04242,0.04041,0.04096,337454780.0
1645920000000,0.04096,0.04179,0.03809,0.03902,387367258.0
1646006400000,0.03899,0.04322,0.0382,0.04317,431659302.0
1646092800000,0.04317,0.04575,0.04293,0.04408,641017659.0
1646179200000,0.04409,0.0444,0.0419,0.04301,489796385.0
1646265600000,0.043,0.04386,0.04087,0.04195,495135831.0
1646352000000,0.04193,0.04211,0.038,0.03865,430201932.0
1646438400000,0.03865,0.04016,0.03753,0.03983,253996985.0
1646524800000,0.03983,0.04042,0.03771,0.03791,373130482.0
1646611200000,0.03792,0.03994,0.03648,0.03788,594219986.0
1646697600000,0.03787,0.0396,0.03758,0.03919,466372026.0
1646784000000,0.03919,0.04211,0.03905,0.04137,583573786.0
1646870400000,0.04137,0.04406,0.0391,0.04222,2042080518.0
1646956800000,0.04221,0.04225,0.03981,0.04052,926187488.0
1647043200000,0.04052,0.042,0.04034,0.0405,570329984.0
1647129600000,0.04052,0.04142,0.03834,0.0385,397668550.0
1647216000000,0.0385,0.03988,0.03797,0.03942,411399414.0
1647302400000,0.03944,0.04002,0.03804,0.03979,403210835.0
1647388800000,0.03978,0.04125,0.03885,0.04108,454322713.0
1647475200000,0.04108,0.04245,0.0404,0.04115,387650699.0
1647561600000,0.04117,0.04275,0.04017,0.0423,391952719.0
1647648000000,0.04231,0.04436,0.04227,0.04402,524743684.0
1647734400000,0.044,0.04499,0.04194,0.04263,416648738.0
1647820800000,0.04263,0.04422,0.04125,0.04331,435964621.0
1647907200000,0.04331,0.04603,0.04308,0.045,612586217.0
1647993600000,0.04499,0.04989,0.04477,0.04902,854859156.0
1648080000000,0.04904,0.05004,0.0475,0.04942,519406552.0
1648166400000,0.04943,0.05083,0.04681,0.04786,476664633.0
1648252800000,0.04784,0.092,0.04759,0.09026,21236413973.0
1648339200000,0.09031,0.118,0.08455,0.10626,43188883467.0
1648425600000,0.10627,0.12118,0.09701,0.09917,16046451728.0
1648512000000,0.09919,0.10768,0.09631,0.10286,6910099488.0
1648598400000,0.10285,0.185,0.0982,0.17984,29853188668.0
1648684800000,0.17995,0.2165,0.17463,0.18285,22235947116.0
