1592956800000,0.362,0.362,0.3312,0.3432,5974984.9
1593043200000,0.3432,0.347,0.3308,0.3353,2449884.2
1593129600000,0.3351,0.3619,0.3334,0.3528,15151477.9
1593216000000,0.3528,0.3674,0.3076,0.3325,13551118.0
1593302400000,0.3325,0.3419,0.3205,0.3309,4393497.6
1593388800000,0.3309,0.3455,0.3265,0.3452,2990623.2
1593475200000,0.3454,0.3454,0.3326,0.3351,2421534.1
1593561600000,0.3346,0.3442,0.3314,0.3359,2743305.7
1593648000000,0.336,0.3592,0.3315,0.3444,7936098.3
1593734400000,0.3444,0.3991,0.3436,0.3818,33327462.7
1593820800000,0.3816,0.4266,0.3731,0.3885,36709773.1
1593907200000,0.3885,0.4206,0.3621,0.4155,29880729.2
1593993600000,0.4155,0.4248,0.3881,0.4012,31883269.6
1594080000000,0.4008,0.4288,0.3911,0.4098,30486813.7
1594166400000,0.4098,0.4796,0.4059,0.4484,62903396.5
1594252800000,0.4484,0.454,0.4077,0.4269,37262776.7
1594339200000,0.4266,0.4294,0.3954,0.4115,22957704.3
1594425600000,0.4121,0.4437,0.4095,0.4366,23873401.8
1594512000000,0.4365,0.4433,0.4161,0.429,15225583.4
1594598400000,0.429,0.4297,0.3957,0.4017,21057571.0
1594684800000,0.4014,0.4059,0.3777,0.395,16321703.4
1594771200000,0.3952,0.4095,0.3883,0.3906,11185984.5
1594857600000,0.3906,0.4038,0.3659,0.4014,20374199.0
1594944000000,0.4013,0.4145,0.3817,0.3974,20009184.6
1595030400000,0.3975,0.4299,0.3873,0.4183,28183369.8
1595116800000,0.4185,0.4317,0.4023,0.4199,21542013.8
1595203200000,0.4201,0.4287,0.3932,0.3952,15138343.1
1595289600000,0.3951,0.41,0.3924,0.4005,9623335.4
1595376000000,0.4006,0.409,0.3969,0.4005,8833259.7
1595462400000,0.4005,0.4113,0.3875,0.3929,12829570.8
1595548800000,0.3928,0.3963,0.3831,0.3873,11909983.4
1595635200000,0.3873,0.4005,0.3841,0.3948,13659609.7
1595721600000,0.395,0.3974,0.3765,0.3859,12513848.5
1595808000000,0.3859,0.389,0.3372,0.3672,24303725.5
1595894400000,0.3674,0.3862,0.3626,0.3826,13828147.7
1595980800000,0.3828,0.412,0.3827,0.3846,25751061.8
1596067200000,0.3848,0.3954,0.3784,0.3887,10891575.6
1596153600000,0.3887,0.3939,0.3789,0.3815,9527431.5
1596240000000,0.3815,0.4098,0.3795,0.4006,19554262.2
1596326400000,0.4006,0.4121,0.3,0.3797,23822193.2
1596412800000,0.3801,0.3927,0.3738,0.3818,10536766.3
1596499200000,0.3819,0.4087,0.3818,0.3981,17597500.4
1596585600000,0.3982,0.4133,0.3905,0.3973,18666479.3
1596672000000,0.3975,0.4175,0.3855,0.4142,25624304.4
1596758400000,0.4144,0.4314,0.3822,0.3933,29884299.1
1596844800000,0.3932,0.4276,0.3908,0.422,25081999.4
1596931200000,0.422,0.4498,0.4147,0.4395,34778206.5
1597017600000,0.4395,0.5046,0.4156,0.4818,60110998.5
1597104000000,0.4821,0.4837,0.4191,0.443,52120727.8
1597190400000,0.443,0.4672,0.4036,0.463,42743576.9
1597276800000,0.4627,0.4771,0.4251,0.4504,45146617.0
1597363200000,0.4505,0.5487,0.4435,0.5397,74844447.5
1597449600000,0.54,0.5551,0.4919,0.497,82722805.4
1597536000000,0.4967,0.6252,0.4816,0.6105,77658128.1
1597622400000,0.6107,0.6351,0.55,0.5626,57548292.4
1597708800000,0.5626,0.6124,0.5346,0.566,41376755.9
1597795200000,0.5662,0.5957,0.4951,0.5138,62240726.4
1597881600000,0.5138,0.6903,0.5057,0.6138,88464148.0
1597968000000,0.6138,0.9577,0.6128,0.6959,371797426.1
1598054400000,0.6959,0.8457,0.633,0.7291,161929436.1
1598140800000,0.7292,0.8,0.6891,0.7225,57595994.0
1598227200000,0.7225,0.7632,0.698,0.7311,37091772.8
1598313600000,0.7312,0.7353,0.6037,0.6496,39640611.9
1598400000000,0.6497,0.6947,0.6159,0.6606,36943119.0
1598486400000,0.6615,0.6792,0.5826,0.6059,33073619.1
1598572800000,0.6059,0.6481,0.594,0.6412,26472485.6
1598659200000,0.6406,0.6693,0.6233,0.6461,29833497.9
1598745600000,0.6458,0.6547,0.6306,0.6381,20582635.0
1598832000000,0.6379,0.6404,0.6104,0.6127,17656080.6
1598918400000,0.6131,0.6335,0.5968,0.6029,26123096.9
1599004800000,0.6031,0.606,0.5008,0.558,31387533.1
1599091200000,0.5579,0.574,0.4295,0.4432,37615473.2
1599177600000,0.4437,0.5241,0.4225,0.5131,48563238.0
1599264000000,0.5131,0.5229,0.4056,0.4298,38073021.8
1599350400000,0.4294,0.4695,0.41,0.4605,18177537.2
1599436800000,0.4606,0.4846,0.4171,0.4594,18906756.9
1599523200000,0.4596,0.4634,0.4154,0.4336,11694288.4
1599609600000,0.4335,0.4733,0.4215,0.4592,9778909.2
1599696000000,0.4597,0.499,0.4533,0.4706,13310189.2
1599782400000,0.4711,0.5324,0.471,0.5279,31487024.6
1599868800000,0.5279,0.5347,0.506,0.5161,16385473.6
1599955200000,0.5159,0.5167,0.4681,0.4905,14424127.5
1600041600000,0.4904,0.4929,0.4712,0.4742,10154570.9
1600128000000,0.4744,0.4794,0.4454,0.4495,8650481.3
1600214400000,0.4492,0.4493,0.4234,0.4287,9191814.2
1600300800000,0.429,0.453,0.4272,0.4409,11296038.4
1600387200000,0.441,0.4425,0.4108,0.417,11614249.3
1600473600000,0.417,0.4293,0.4038,0.429,7100254.8
1600560000000,0.429,0.429,0.3868,0.3949,8753534.6
1600646400000,0.3951,0.4056,0.3426,0.3673,21394508.7
1600732800000,0.3676,0.3882,0.351,0.3805,10728858.3
1600819200000,0.3806,0.3879,0.3356,0.3411,14386402.5
1600905600000,0.341,0.3868,0.3382,0.3828,11669035.5
1600992000000,0.3828,0.4125,0.3704,0.4056,15706302.1
1601078400000,0.4057,0.4126,0.3838,0.391,10464824.6
1601164800000,0.391,0.4034,0.3745,0.3955,14750419.0
1601251200000,0.3958,0.44,0.3956,0.4137,25097609.3
1601337600000,0.4137,0.4184,0.3852,0.4078,17914361.2
1601424000000,0.408,0.4113,0.3866,0.4097,7487604.2
1601510400000,0.4098,0.4298,0.3887,0.3991,17113648.5
1601596800000,0.3987,0.4001,0.3551,0.3891,13733323.8
1601683200000,0.3892,0.3938,0.3752,0.3765,4939646.9
1601769600000,0.3764,0.3814,0.3636,0.3764,5574849.2
1601856000000,0.3764,0.3813,0.3701,0.3766,5289322.4
1601942400000,0.3768,0.3781,0.3479,0.3516,8928590.7
1602028800000,0.3516,0.3592,0.3349,0.3571,10814916.6
1602115200000,0.357,0.373,0.337,0.3675,9701440.8
1602201600000,0.3676,0.3947,0.361,0.3897,9235074.8
1602288000000,0.3897,0.4071,0.3894,0.3953,8502910.3
1602374400000,0.395,0.398,0.3862,0.3909,6618104.9
1602460800000,0.3908,0.41,0.3801,0.396,8896660.6
1602547200000,0.3962,0.4279,0.391,0.4182,17292384.9
1602633600000,0.4183,0.4346,0.3725,0.3864,21607022.1
1602720000000,0.3865,0.3969,0.3665,0.3967,9488813.8
1602806400000,0.3967,0.4099,0.3786,0.3898,17004984.7
1602892800000,0.3899,0.3954,0.3742,0.3846,8876455.6
1602979200000,0.3844,0.3981,0.383,0.3893,5700318.4
1603065600000,0.3893,0.4011,0.3832,0.3899,7638544.6
1603152000000,0.3903,0.3905,0.3547,0.3638,15779032.5
1603238400000,0.3638,0.3864,0.3627,0.3756,10967822.0
1603324800000,0.3752,0.3942,0.3745,0.3814,9348568.5
1603411200000,0.3812,0.3892,0.3701,0.3761,9135392.9
1603497600000,0.3763,0.3848,0.3729,0.3795,4907229.0
1603584000000,0.3795,0.3795,0.3665,0.369,6459515.5
1603670400000,0.3694,0.3831,0.3522,0.3573,10827292.9
1603756800000,0.3573,0.3718,0.3564,0.3612,8444320.8
1603843200000,0.3614,0.3646,0.3302,0.3367,14183985.5
1603929600000,0.3366,0.3461,0.327,0.3369,12219786.7
1604016000000,0.3369,0.3435,0.3148,0.3252,11800130.0
1604102400000,0.325,0.3358,0.3201,0.3209,8117643.8
1604188800000,0.3208,0.3391,0.3195,0.3372,9090524.7
1604275200000,0.3372,0.3525,0.328,0.3288,14474613.2
1604361600000,0.3287,0.3301,0.32,0.3259,11069787.7
1604448000000,0.326,0.3263,0.3061,0.3174,12240533.2
1604534400000,0.3179,0.3471,0.3145,0.3466,14283661.9
1604620800000,0.3465,0.3797,0.3437,0.3772,20774467.9
1604707200000,0.3773,0.4007,0.3393,0.349,34464854.8
1604793600000,0.3489,0.3782,0.345,0.3667,11788560.4
1604880000000,0.3668,0.3703,0.3435,0.3549,11092402.2
1604966400000,0.3551,0.3914,0.3531,0.3878,14458075.6
1605052800000,0.388,0.3957,0.3648,0.3656,15354342.5
1605139200000,0.3657,0.3752,0.3582,0.3604,9442848.9
1605225600000,0.3605,0.3883,0.3596,0.3872,17593535.2
1605312000000,0.3872,0.3882,0.3599,0.3747,13738233.6
1605398400000,0.3748,0.3796,0.3501,0.3595,14616710.0
1605484800000,0.3595,0.3828,0.3561,0.3729,15759798.0
1605571200000,0.3729,0.3913,0.3716,0.3835,19812699.9
1605657600000,0.3835,0.3869,0.3545,0.3657,22246813.2
1605744000000,0.3657,0.3746,0.3555,0.3661,14728871.7
1605830400000,0.3662,0.3833,0.3656,0.375,17160663.7
1605916800000,0.3751,0.4243,0.3745,0.4171,35288454.7
1606003200000,0.4174,0.4295,0.3822,0.3983,32079178.0
1606089600000,0.3981,0.4395,0.3922,0.4394,31117118.4
1606176000000,0.4393,0.479,0.4155,0.4662,51686612.3
1606262400000,0.4664,0.5286,0.4225,0.4435,68327303.8
1606348800000,0.4435,0.4579,0.365,0.4085,57138063.6
1606435200000,0.4086,0.4251,0.3845,0.4038,17965556.0
1606521600000,0.4039,0.4294,0.3925,0.4162,16571450.4
1606608000000,0.4164,0.4209,0.4045,0.416,11527852.0
1606694400000,0.416,0.4335,0.4042,0.4296,13209193.4
1606780800000,0.4296,0.4496,0.3887,0.3996,21879222.8
1606867200000,0.3995,0.4321,0.393,0.4266,14669249.2
1606953600000,0.4265,0.4367,0.4201,0.4311,11436414.4
1607040000000,0.431,0.4385,0.3873,0.393,18137736.2
1607126400000,0.3931,0.4137,0.389,0.4091,6045514.8
1607212800000,0.4088,0.4118,0.3939,0.4006,7854303.1
1607299200000,0.4006,0.4146,0.3979,0.4051,8030230.9
1607385600000,0.4051,0.4077,0.3709,0.38,11926854.7
1607472000000,0.3805,0.3848,0.3566,0.3819,8344536.4
1607558400000,0.3818,0.3835,0.3632,0.3703,6799204.7
1607644800000,0.3704,0.372,0.3471,0.3561,12387674.5
1607731200000,0.3564,0.4004,0.3558,0.3925,21496455.3
1607817600000,0.3923,0.4056,0.3862,0.3963,15110580.0
1607904000000,0.3964,0.3998,0.3824,0.3872,10249767.7
1607990400000,0.3873,0.403,0.3852,0.392,9851906.7
1608076800000,0.392,0.4162,0.382,0.4152,15465135.9
1608163200000,0.415,0.4271,0.3965,0.4072,22689340.2
1608249600000,0.4074,0.4307,0.3987,0.413,17769153.9
1608336000000,0.413,0.4357,0.4126,0.4243,12470940.8
1608422400000,0.4241,0.4244,0.39,0.3965,11588058.7
1608508800000,0.3965,0.4058,0.37,0.3774,13981899.3
1608595200000,0.3774,0.3859,0.358,0.3758,11594696.6
1608681600000,0.3753,0.3825,0.3091,0.331,22471801.3
1608768000000,0.3313,0.3706,0.3203,0.3643,14996635.3
1608854400000,0.3642,0.379,0.3525,0.359,9985038.4
1608940800000,0.359,0.3679,0.3501,0.3548,11232024.0
1609027200000,0.3548,0.4282,0.3548,0.3743,62904289.2
1609113600000,0.3747,0.3962,0.3677,0.3778,15319320.2
1609200000000,0.3778,0.3846,0.3485,0.3666,12516842.8
1609286400000,0.366,0.3728,0.3483,0.3604,9177488.4
1609372800000,0.3601,0.371,0.3482,0.3556,11779877.0
1609459200000,0.3556,0.3763,0.3511,0.3747,15223324.0
1609545600000,0.3745,0.3973,0.3581,0.3611,25849168.7
1609632000000,0.3612,0.398,0.3571,0.3942,26788501.9
1609718400000,0.3939,0.4223,0.3643,0.3961,49110125.9
1609804800000,0.3964,0.4562,0.3828,0.4464,43131188.2
1609891200000,0.4467,0.4979,0.4311,0.4631,51324896.6
1609977600000,0.4631,0.4947,0.4301,0.4396,33317199.6
1610064000000,0.4399,0.462,0.4008,0.4401,31053235.4
1610150400000,0.44,0.615,0.4266,0.5446,85688684.5
1610236800000,0.5438,0.5873,0.459,0.5286,51329223.8
1610323200000,0.5288,0.5291,0.3831,0.4369,40279663.3
1610409600000,0.4365,0.4609,0.4105,0.4285,23002657.5
1610496000000,0.4286,0.5387,0.4286,0.5069,56897142.6
1610582400000,0.5069,0.5234,0.4823,0.5052,23876446.1
1610668800000,0.5051,0.5598,0.46,0.5162,48726116.2
1610755200000,0.5168,0.5668,0.5008,0.5276,31422461.6
1610841600000,0.5277,0.6327,0.513,0.5965,51280625.9
1610928000000,0.5967,0.6299,0.5683,0.5873,23363239.6
1611014400000,0.5875,0.6017,0.5401,0.5431,20076666.9
1611100800000,0.5426,0.5624,0.4977,0.5594,20461957.6
1611187200000,0.5588,0.5626,0.4591,0.4657,20894978.3
1611273600000,0.465,0.5347,0.4345,0.5112,19502802.7
1611360000000,0.511,0.5786,0.4968,0.5637,20096279.4
1611446400000,0.5637,0.5768,0.5228,0.549,22579240.3
1611532800000,0.5492,0.5646,0.5142,0.5204,13981356.5
1611619200000,0.5209,0.5538,0.4961,0.5445,20834786.3
1611705600000,0.5442,0.6038,0.5115,0.5839,46876261.3
1611792000000,0.5844,0.6791,0.5774,0.6099,45035600.1
1611878400000,0.6101,0.623,0.576,0.6025,26880343.4
1611964800000,0.6025,0.6592,0.5775,0.6568,18057872.5
1612051200000,0.6574,0.7974,0.6315,0.7072,68319718.2
1612137600000,0.7076,0.7087,0.6427,0.6883,19204813.9
1612224000000,0.6889,0.6959,0.6611,0.6871,11900919.3
1612310400000,0.6866,0.7713,0.6725,0.7695,22806268.4
1612396800000,0.7695,1.1666,0.7169,1.0361,94865403.4
1612483200000,1.0358,1.9757,1.0058,1.5955,328277197.7
1612569600000,1.5952,1.6772,1.3448,1.4559,128655796.4
1612656000000,1.4563,1.5093,1.2563,1.4123,62311896.6
1612742400000,1.4129,1.6752,1.4119,1.475,62995229.2
1612828800000,1.4763,1.6001,1.4339,1.515,44005830.3
1612915200000,1.5149,1.6511,1.3263,1.5045,56511462.5
1613001600000,1.5045,1.8455,1.4608,1.7706,62593674.6
1613088000000,1.7729,2.0456,1.713,1.8049,55536874.2
1613174400000,1.8057,1.9487,1.6488,1.8951,32831710.4
1613260800000,1.8969,2.0233,1.68,1.7969,39155974.7
1613347200000,1.7965,1.8219,1.3943,1.6165,31486849.6
1613433600000,1.6183,1.712,1.5073,1.5866,21293408.0
1613520000000,1.5867,1.6087,1.4212,1.569,23695997.6
1613606400000,1.5702,1.641,1.518,1.615,15488572.5
1613692800000,1.6161,1.6481,1.5068,1.567,18041994.1
1613779200000,1.5672,1.7123,1.439,1.5326,39496483.7
1613865600000,1.5314,1.7566,1.49,1.726,27977944.3
1613952000000,1.7274,1.9254,1.25,1.5607,68378687.6
1614038400000,1.5611,1.8917,1.2,1.5802,91255852.8
1614124800000,1.58,1.669,1.4187,1.5231,33659787.4
1614211200000,1.5221,1.5921,1.3699,1.3929,20508206.2
1614297600000,1.3924,1.4177,1.2449,1.3174,30219221.6
1614384000000,1.3174,1.4029,1.291,1.332,20037502.2
1614470400000,1.3318,1.3458,1.1319,1.212,24326722.1
1614556800000,1.2128,1.3822,1.2018,1.3572,23612439.3
1614643200000,1.3581,1.4352,1.2834,1.3603,26379762.3
1614729600000,1.3611,1.5349,1.3363,1.4641,23653544.3
1614816000000,1.4638,1.5013,1.3558,1.3751,19718108.8
1614902400000,1.3756,1.3964,1.2889,1.3423,14726213.7
1614988800000,1.3421,1.4161,1.3164,1.3721,17281161.1
1615075200000,1.3734,1.43,1.3568,1.4232,15691154.3
1615161600000,1.4221,1.4775,1.368,1.4241,17487679.2
1615248000000,1.4246,1.4807,1.3954,1.4796,17571668.6
1615334400000,1.4802,1.4962,1.3583,1.3936,20130615.0
1615420800000,1.3944,1.4099,1.3279,1.3773,13930050.8
1615507200000,1.3782,1.3913,1.2867,1.3407,16854367.3
1615593600000,1.3412,1.4267,1.2883,1.395,14895262.1
1615680000000,1.3955,1.4045,1.3138,1.3254,12715718.4
1615766400000,1.3253,1.3786,1.2526,1.3284,17452851.4
1615852800000,1.3279,1.4441,1.2759,1.4327,22207931.7
1615939200000,1.4324,1.4525,1.3365,1.4486,17395708.3
1616025600000,1.4484,1.7466,1.4222,1.5179,70652798.6
1616112000000,1.5176,1.6567,1.4617,1.561,32947550.0
1616198400000,1.5618,1.6324,1.49,1.5019,23253277.3
1616284800000,1.5024,1.5293,1.42,1.46,18563545.2
1616371200000,1.4601,1.5756,1.388,1.4176,26187893.3
1616457600000,1.4177,1.5347,1.3514,1.498,24446669.7
1616544000000,1.498,1.6092,1.3124,1.3688,36421447.4
1616630400000,1.3693,1.3995,1.2617,1.3119,29121632.6
1616716800000,1.3118,1.3968,1.3112,1.388,13380652.3
1616803200000,1.3881,1.4421,1.352,1.4183,24220892.5
1616889600000,1.4179,1.4851,1.384,1.456,18380837.2
1616976000000,1.4562,1.6103,1.4512,1.5997,25756012.1
1617062400000,1.5995,1.9264,1.5556,1.8565,76283928.4
1617148800000,1.8554,2.003,1.7555,1.8848,82102882.4
1617235200000,1.8854,2.0837,1.8415,1.9656,48355189.3
1617321600000,1.9654,2.0424,1.8852,1.9672,26924509.2
1617408000000,1.9672,1.9694,1.7154,1.7268,26808227.3
1617494400000,1.7267,1.8648,1.6946,1.8379,22059257.1
1617580800000,1.8379,1.8711,1.7328,1.8058,21556330.0
1617667200000,1.806,1.9481,1.7503,1.9329,40404117.7
1617753600000,1.9329,1.9517,1.59,1.7139,44197159.8
1617840000000,1.7134,1.8663,1.705,1.8546,20267410.6
1617926400000,1.8545,2.38,1.8277,2.1617,81253003.1
1618012800000,2.1618,2.3777,2.0888,2.1748,60166377.3
1618099200000,2.1762,2.2592,2.031,2.1353,27362925.1
1618185600000,2.1354,2.1941,2.0369,2.1366,21108429.4
1618272000000,2.1367,2.41,2.1005,2.3011,39788134.5
1618358400000,2.3005,2.3589,2.055,2.1648,31346073.6
1618444800000,2.1652,2.2529,2.1078,2.2041,21675541.2
1618531200000,2.2046,2.2208,1.9748,2.0802,27687766.8
1618617600000,2.0802,2.2137,2.0322,2.0356,23134286.4
1618704000000,2.037,2.051,1.4222,1.7644,51197118.2
1618790400000,1.7644,1.8663,1.5693,1.5847,28311469.4
1618876800000,1.5849,1.7641,1.4454,1.7059,33523884.3
1618963200000,1.7058,1.8119,1.6252,1.6379,27944911.1
1619049600000,1.6383,1.7898,1.475,1.4906,36264993.6
1619136000000,1.4906,1.545,1.2367,1.4723,46154663.0
1619222400000,1.4722,1.4729,1.3095,1.3234,18486761.7
1619308800000,1.3235,1.4577,1.2548,1.3396,18419841.2
1619395200000,1.3397,1.5427,1.3243,1.5235,18235514.5
1619481600000,1.5231,1.8855,1.5028,1.8298,41612627.8
1619568000000,1.829,1.8572,1.62,1.7091,26617102.7
1619654400000,1.7099,1.7649,1.5948,1.672,18215595.0
1619740800000,1.6721,1.8163,1.6287,1.8046,17669296.1
1619827200000,1.8039,2.0295,1.7651,1.9459,34320059.4
1619913600000,1.9464,1.9658,1.7929,1.8689,26052486.9
1620000000000,1.869,1.9748,1.8448,1.9042,19021685.2
1620086400000,1.9041,1.9053,1.6517,1.6798,28599941.0
1620172800000,1.6803,1.8964,1.6596,1.8833,24038476.5
1620259200000,1.8831,2.1087,1.8324,2.0569,45137161.6
1620345600000,2.0579,2.2317,1.9462,2.016,54667463.9
1620432000000,2.0167,2.0694,1.9102,1.957,21894036.1
1620518400000,1.9574,2.0031,1.8378,1.9589,23967657.7
1620604800000,1.9582,2.0291,1.6311,1.7399,36371705.0
1620691200000,1.7411,1.8814,1.664,1.8667,28411182.9
1620777600000,1.8672,2.0439,1.603,1.6432,51924787.6
1620864000000,1.6499,1.7673,1.5136,1.6095,44892133.8
1620950400000,1.6101,1.7693,1.5885,1.7037,22175122.0
1621036800000,1.7047,1.7281,1.5318,1.5536,26056520.8
1621123200000,1.5518,1.7014,1.4727,1.5684,24192618.9
1621209600000,1.5697,1.5749,1.3897,1.4667,24902806.9
1621296000000,1.467,1.7074,1.4473,1.6021,38357621.4
1621382400000,1.6016,1.6407,0.7614,0.9897,72619734.3
1621468800000,0.9886,1.1931,0.8835,1.1557,61994664.7
1621555200000,1.1554,1.22,0.8926,1.0343,51912686.6
1621641600000,1.0343,1.0496,0.8841,0.9575,36607021.8
1621728000000,0.9577,0.9859,0.6218,0.7931,49609526.9
1621814400000,0.7931,0.9936,0.7778,0.9866,45232367.2
1621900800000,0.9865,1.0302,0.8831,0.9768,27864037.9
1621987200000,0.9784,1.1499,0.9625,1.1478,22901468.8
1622073600000,1.1482,1.1868,1.02,1.101,22384272.0
1622160000000,1.1014,1.1232,0.9241,0.9633,26352506.8
1622246400000,0.9638,1.0055,0.8425,0.8973,14741791.5
1622332800000,0.8979,0.9893,0.8415,0.9364,14358492.5
1622419200000,0.9364,1.0221,0.8866,1.0197,16308788.6
1622505600000,1.0196,1.0518,0.9804,1.0253,18444079.4
1622592000000,1.0253,1.2275,1.0176,1.1468,74829076.2
1622678400000,1.1471,1.2341,1.0928,1.1863,30390585.9
1622764800000,1.1865,1.1872,1.0171,1.0659,24100941.5
1622851200000,1.0666,1.1393,1.0066,1.039,18878003.9
1622937600000,1.0387,1.0777,1.0301,1.0603,11781395.8
1623024000000,1.0603,1.0828,0.9421,0.9521,15264187.0
1623110400000,0.9525,0.9678,0.8276,0.9507,29146923.6
1623196800000,0.9505,0.9836,0.9211,0.9652,31249038.8
1623283200000,0.9653,0.9846,0.9102,0.9339,22875267.2
1623369600000,0.934,0.9489,0.8501,0.8635,21049658.1
1623456000000,0.8638,0.8897,0.8011,0.8508,21802483.0
1623542400000,0.8509,0.8997,0.8071,0.8948,22624614.3
1623628800000,0.8944,0.9334,0.8654,0.9096,20008460.2
1623715200000,0.9098,0.9573,0.8869,0.8918,23891356.4
1623801600000,0.8918,0.9398,0.8543,0.8659,18802982.3
1623888000000,0.866,0.8991,0.848,0.8748,14239952.5
1623974400000,0.8747,0.882,0.7792,0.8155,16637890.8
1624060800000,0.8159,0.8309,0.7835,0.7871,11808942.4
1624147200000,0.7874,0.797,0.7237,0.7898,17961612.0
1624233600000,0.7899,0.7978,0.5986,0.6009,38483925.6
1624320000000,0.601,0.6439,0.4972,0.5767,45578789.8
1624406400000,0.5767,0.659,0.5523,0.6414,29577691.0
1624492800000,0.6413,0.6829,0.6077,0.6625,29259393.4
1624579200000,0.6626,0.683,0.5922,0.6012,39412269.5
1624665600000,0.6012,0.6242,0.5665,0.6002,39983313.8
1624752000000,0.5999,0.6367,0.5807,0.6367,30086014.0
1624838400000,0.6366,0.7162,0.6285,0.7019,48364909.1
1624924800000,0.7025,0.7496,0.6917,0.7253,43501545.2
1625011200000,0.725,0.7414,0.6699,0.7412,32639898.4
1625097600000,0.7412,0.7656,0.6752,0.6887,37448942.5
1625184000000,0.6878,0.6971,0.6535,0.6901,20009858.0
1625270400000,0.69,0.713,0.6665,0.7024,14812838.2
1625356800000,0.7024,0.7417,0.6797,0.724,13032034.7
1625443200000,0.7239,0.7243,0.6691,0.6919,21489617.4
1625529600000,0.6918,0.7458,0.6901,0.7114,21656302.7
1625616000000,0.7112,0.8264,0.7034,0.7886,41369463.8
1625702400000,0.7885,0.8445,0.7063,0.8412,44146717.0
1625788800000,0.8417,0.9042,0.7645,0.8356,179227050.4
1625875200000,0.8357,0.8563,0.7724,0.7898,57321171.3
1625961600000,0.7896,0.7989,0.7623,0.7952,29251794.0
1626048000000,0.7956,0.7959,0.7372,0.7515,25277640.9
1626134400000,0.7518,0.7549,0.7033,0.7149,15691494.1
1626220800000,0.7149,0.721,0.6641,0.7152,23880833.1
1626307200000,0.715,0.7223,0.6516,0.6697,20452264.8
1626393600000,0.6701,0.6762,0.6117,0.6184,21655947.4
1626480000000,0.6184,0.6312,0.5969,0.626,20205727.8
1626566400000,0.626,0.6523,0.6075,0.6221,13326946.9
1626652800000,0.6219,0.6271,0.5762,0.5831,23053512.3
1626739200000,0.5831,0.5945,0.5211,0.5462,31933171.4
1626825600000,0.5463,0.657,0.5285,0.6357,57981603.4
1626912000000,0.6358,0.6414,0.6094,0.641,37838487.9
1626998400000,0.641,0.6521,0.6037,0.6503,27927869.4
1627084800000,0.6502,0.6773,0.6419,0.6568,25694091.3
1627171200000,0.6572,0.6608,0.6301,0.6584,17879200.7
1627257600000,0.6581,0.7253,0.6547,0.674,41452104.5
1627344000000,0.6739,0.756,0.6551,0.7092,63813002.8
1627430400000,0.7092,0.7258,0.6878,0.7072,33994111.3
1627516800000,0.707,0.7788,0.6874,0.7568,46324358.7
1627603200000,0.757,0.78,0.7166,0.7792,35254521.5
1627689600000,0.7793,0.8655,0.7635,0.8183,66200617.1
1627776000000,0.8184,0.8444,0.7716,0.7791,32463257.2
1627862400000,0.779,0.8243,0.7534,0.816,29459008.3
1627948800000,0.816,0.8599,0.7743,0.8576,38313975.5
1628035200000,0.8576,0.8745,0.8242,0.8705,38797246.1
1628121600000,0.8701,0.9218,0.8383,0.8887,51607271.6
1628208000000,0.8887,0.904,0.8579,0.8961,39715791.0
1628294400000,0.8962,0.9387,0.88,0.9328,37534837.9
1628380800000,0.9327,1.0477,0.9123,0.9304,79707018.8
1628467200000,0.9307,0.9656,0.8887,0.956,31816526.5
1628553600000,0.956,0.99,0.9202,0.9751,34125963.1
1628640000000,0.9751,1.0441,0.954,0.9954,29944406.7
1628726400000,0.9952,1.0271,0.908,0.9535,30352896.7
1628812800000,0.9532,1.0615,0.921,1.0603,62854108.5
1628899200000,1.0603,1.1007,1.0128,1.0698,40650414.2
1628985600000,1.0698,1.0769,1.007,1.065,24147265.8
1629072000000,1.0648,1.118,1.0112,1.0283,35996161.4
1629158400000,1.0283,1.1068,0.98,0.99,37510875.7
1629244800000,0.9901,1.0268,0.9216,0.9663,36412377.7
1629331200000,0.966,1.0288,0.9277,1.028,25587100.3
1629417600000,1.0284,1.0614,1.0077,1.0609,32974158.5
1629504000000,1.0607,1.0886,1.0161,1.0718,52900377.5
1629590400000,1.0717,1.1292,1.0453,1.1231,53435118.6
1629676800000,1.1231,1.188,1.0946,1.1606,42554186.1
1629763200000,1.1605,1.1904,1.0327,1.0621,42494097.4
1629849600000,1.0619,1.1761,1.0151,1.1497,42979743.8
1629936000000,1.1495,1.1699,1.0165,1.0457,32232782.3
1630022400000,1.0461,1.1129,1.0017,1.1123,24744643.5
1630108800000,1.1124,1.1128,1.0604,1.0822,15178112.7
1630195200000,1.0823,1.1226,1.0641,1.0972,26405685.9
1630281600000,1.0973,1.1188,1.034,1.0478,25386111.1
1630368000000,1.0478,1.0845,1.0236,1.0647,24034596.8
1630454400000,1.0647,1.1347,1.0337,1.1233,28519052.0
1630540800000,1.1235,1.1454,1.0918,1.1205,23335669.8
1630627200000,1.1206,1.1814,1.0863,1.1803,26369176.6
1630713600000,1.1806,1.2492,1.1605,1.2473,41993740.3
1630800000000,1.2474,1.3149,1.2143,1.3145,35668391.5
1630886400000,1.3146,1.3181,1.2377,1.2927,27852598.4
1630972800000,1.2923,1.2924,0.89,1.0159,57586317.5
1631059200000,1.0167,1.0513,0.8834,1.0069,122181397.4
1631145600000,1.0069,1.0764,0.9844,1.0704,54222147.8
1631232000000,1.0703,1.1099,0.9718,1.0071,50169290.0
1631318400000,1.0067,1.047,0.9878,1.0301,23230984.9
1631404800000,1.0298,1.0763,0.9861,1.0636,30080034.6
1631491200000,1.0636,1.0666,0.9342,1.01,27867646.7
1631577600000,1.0101,1.0681,0.9825,1.0656,24322730.2
1631664000000,1.0649,1.0854,1.0303,1.0854,20280274.3
1631750400000,1.0855,1.2476,1.056,1.143,89424565.9
1631836800000,1.1429,1.1468,1.0577,1.0823,32227779.7
1631923200000,1.0825,1.1349,1.0586,1.1158,26958125.8
1632009600000,1.1161,1.124,1.0439,1.0667,15827983.8
1632096000000,1.0665,1.0675,0.8727,0.9094,37067943.6
1632182400000,0.9089,0.9448,0.8227,0.8444,33461213.9
1632268800000,0.8445,0.9719,0.823,0.9719,28985163.9
1632355200000,0.9719,0.9957,0.9344,0.9947,23631196.3
1632441600000,0.9945,0.9983,0.8365,0.917,32474685.2
1632528000000,0.9172,0.9226,0.8676,0.9054,22917145.2
1632614400000,0.9051,0.965,0.8126,0.8933,44214808.7
1632700800000,0.893,0.928,0.8497,0.8504,22894733.8
1632787200000,0.8503,0.8684,0.8095,0.8139,28763471.2
1632873600000,0.8136,0.8652,0.8086,0.8323,22826536.3
1632960000000,0.8324,0.914,0.8271,0.9139,25029169.5
1633046400000,0.9139,0.9887,0.8824,0.9803,36203744.9
1633132800000,0.9807,1.0139,0.9628,0.973,18984021.7
1633219200000,0.9735,1.0531,0.9591,1.0041,25279664.9
1633305600000,1.0044,1.0051,0.9329,0.9723,19487924.4
1633392000000,0.9725,1.0307,0.9583,1.0265,21286909.5
1633478400000,1.027,1.0646,0.9531,1.0371,37275602.2
1633564800000,1.0373,1.0431,0.9935,1.0285,20633956.6
1633651200000,1.0288,1.112,1.0104,1.0845,41078384.3
1633737600000,1.0844,1.1208,1.0503,1.1193,33778788.4
1633824000000,1.1195,1.1299,1.0325,1.0442,26855995.8
1633910400000,1.0443,1.0776,0.9902,1.0176,15992567.1
1633996800000,1.0172,1.0178,0.9362,1.0005,26335043.7
1634083200000,1.0003,1.0299,0.9726,1.0294,21584131.4
1634169600000,1.0295,1.0475,1.0091,1.0352,14690688.6
1634256000000,1.035,1.0367,0.9761,1.0257,24609207.0
1634342400000,1.026,1.0352,0.9923,1.0032,25012491.9
1634428800000,1.0032,1.0253,0.955,0.9904,16816204.2
1634515200000,0.9905,0.9974,0.95,0.9703,15645056.2
1634601600000,0.9701,0.9886,0.9441,0.9659,14557894.2
1634688000000,0.9658,1.0066,0.9562,1.0053,14416631.0
1634774400000,1.0055,1.0898,0.9946,1.007,66080723.9
1634860800000,1.007,1.033,0.9851,1.0049,23894289.2
1634947200000,1.005,1.025,0.9856,1.0152,14759576.4
1635033600000,1.0153,1.0234,0.9725,0.9964,12595650.7
1635120000000,0.9964,1.0222,0.9912,1.0121,18365230.5
1635206400000,1.0121,1.1021,1.008,1.0697,41797916.3
1635292800000,1.07,1.0795,0.8979,0.9317,41450969.6
1635379200000,0.932,0.989,0.9187,0.9758,25239270.5
1635465600000,0.976,1.0678,0.9665,1.0535,29078919.5
1635552000000,1.0535,1.3531,1.02,1.1517,116950136.6
1635638400000,1.1513,1.66,1.1346,1.1889,381949353.0
1635724800000,1.189,1.2961,1.1043,1.2419,109992770.1
1635811200000,1.2415,1.448,1.2302,1.3162,117781835.4
1635897600000,1.3161,1.3183,1.186,1.239,38657409.2
1635984000000,1.2396,1.2715,1.151,1.1957,29613896.1
1636070400000,1.1956,1.2384,1.1615,1.1925,29485772.5
1636156800000,1.1925,1.2424,1.1548,1.2406,25752950.9
1636243200000,1.2409,1.2535,1.2023,1.2199,14436278.2
1636329600000,1.2199,1.28,1.19,1.2644,36904408.1
1636416000000,1.2647,1.4543,1.2505,1.3101,133350060.7
1636502400000,1.3101,1.433,1.1824,1.2068,72903169.0
1636588800000,1.207,1.3405,1.1823,1.3152,52084084.2
1636675200000,1.3148,1.4329,1.2389,1.3221,74765210.7
1636761600000,1.3219,1.3351,1.2762,1.2972,22531317.6
1636848000000,1.2972,1.3069,1.2402,1.2769,14749433.0
1636934400000,1.2769,1.2998,1.221,1.2268,18332969.1
1637020800000,1.2271,1.2272,1.036,1.1177,40040142.8
1637107200000,1.118,1.1591,1.0854,1.1536,30140089.7
1637193600000,1.1535,1.1844,1.0387,1.0597,41375371.4
1637280000000,1.059,1.1519,1.0384,1.1423,23534438.5
1637366400000,1.1425,1.1703,1.0984,1.1539,16618030.3
1637452800000,1.154,1.1559,1.1132,1.1195,13714419.1
1637539200000,1.1198,1.1237,1.0627,1.0781,20264733.4
1637625600000,1.0781,1.138,1.0685,1.125,27311638.0
1637712000000,1.1252,1.1749,1.0573,1.1648,48972684.0
1637798400000,1.1648,1.2092,1.1371,1.1699,42126746.4
1637884800000,1.1699,1.2589,1.0374,1.0936,71973209.6
1637971200000,1.0932,1.2427,1.0924,1.2398,47296237.4
1638057600000,1.2401,1.2542,1.0771,1.1736,41992397.8
1638144000000,1.1736,1.2145,1.1274,1.2003,23663400.8
1638230400000,1.2002,1.235,1.1414,1.1822,32529410.1
1638316800000,1.1822,1.1891,1.138,1.1544,21014612.6
1638403200000,1.1543,1.1545,1.0934,1.1162,18910228.3
1638489600000,1.1162,1.1216,1.003,1.0449,18771718.3
1638576000000,1.0448,1.0451,0.7043,0.8932,67973899.4
1638662400000,0.8929,0.912,0.8002,0.8342,39728352.2
1638748800000,0.8343,0.869,0.7574,0.8593,46776104.8
1638835200000,0.8592,0.9637,0.8534,0.8988,46620162.3
1638921600000,0.8988,0.9271,0.8477,0.9151,31973176.4
1639008000000,0.9151,0.9501,0.8521,0.8628,65931845.6
1639094400000,0.8623,0.8833,0.7936,0.7981,47912862.2
1639180800000,0.7976,0.8493,0.7796,0.8474,21673109.1
1639267200000,0.8475,0.8495,0.81,0.8373,14232989.8
1639353600000,0.8373,0.8423,0.741,0.7505,28054196.1
1639440000000,0.7505,0.7788,0.7336,0.7672,25224511.5
1639526400000,0.7669,0.8009,0.7177,0.789,27403223.3
1639612800000,0.7894,0.8211,0.7698,0.7788,18267297.7
1639699200000,0.7788,0.792,0.733,0.7714,19832402.0
1639785600000,0.771,0.8029,0.7485,0.7855,13124401.3
1639872000000,0.7854,0.7967,0.7651,0.7699,15508978.9
1639958400000,0.7703,0.7862,0.7228,0.7549,36681618.5
1640044800000,0.7551,0.7836,0.747,0.783,21826931.6
1640131200000,0.7828,0.8543,0.7812,0.8236,25323978.1
1640217600000,0.8241,0.9127,0.8092,0.885,29677839.1
1640304000000,0.885,0.8991,0.8401,0.8494,21994057.7
1640390400000,0.8497,0.8686,0.8415,0.8621,11393714.2
1640476800000,0.8621,0.8892,0.8417,0.8786,17184925.8
1640563200000,0.8791,0.9084,0.8738,0.8764,14929182.3
1640649600000,0.8763,0.877,0.7943,0.798,21525465.5
1640736000000,0.7982,0.8253,0.7505,0.7591,32688054.4
1640822400000,0.7591,0.8055,0.7452,0.7952,21057291.9
1640908800000,0.7949,0.8344,0.7725,0.8024,28815370.3
1640995200000,0.8024,0.875,0.8023,0.8735,30055747.4
1641081600000,0.8735,0.9289,0.845,0.8884,39375883.1
1641168000000,0.8881,0.9875,0.8861,0.9405,107667693.6
1641254400000,0.941,0.9517,0.8851,0.8894,28329629.2
1641340800000,0.8892,0.9689,0.7863,0.826,35104433.7
1641427200000,0.8255,0.8317,0.7644,0.7974,37189045.5
1641513600000,0.7973,0.8004,0.7085,0.7528,39131971.7
1641600000000,0.7529,0.764,0.6817,0.7079,23105998.2
1641686400000,0.708,0.7488,0.704,0.724,15606472.9
1641772800000,0.7241,0.735,0.652,0.6875,29353016.1
1641859200000,0.6877,0.7224,0.678,0.7179,16341563.5
1641945600000,0.718,0.7576,0.7176,0.7525,14067815.4
1642032000000,0.7527,0.8073,0.7336,0.7365,32601275.3
1642118400000,0.7366,0.751,0.7122,0.7472,17356140.0
1642204800000,0.7471,0.7679,0.735,0.7574,11592749.0
1642291200000,0.7571,0.7776,0.7381,0.7657,17267005.8
1642377600000,0.7658,0.7696,0.712,0.7261,13635744.7
1642464000000,0.7263,0.7332,0.6901,0.7181,17902057.9
1642550400000,0.7181,0.7212,0.6777,0.6847,16355595.1
1642636800000,0.6847,0.7225,0.6505,0.6546,16385295.6
1642723200000,0.6546,0.6642,0.5389,0.5578,43565462.0
1642809600000,0.5577,0.5809,0.4628,0.5184,77634441.5
1642896000000,0.5185,0.5571,0.5106,0.5439,27279704.9
1642982400000,0.5439,0.544,0.4478,0.5042,43410142.5
1643068800000,0.504,0.5293,0.4889,0.5196,35949794.0
1643155200000,0.5201,0.5763,0.5146,0.5305,36725217.3
1643241600000,0.5304,0.56,0.4997,0.5288,57701153.1
1643328000000,0.5285,0.5479,0.5073,0.5437,26059160.1
1643414400000,0.5435,0.5715,0.5413,0.5652,15706119.2
1643500800000,0.5652,0.5784,0.5375,0.5525,19886851.7
1643587200000,0.5522,0.568,0.5218,0.5663,19439722.5
1643673600000,0.5665,0.5983,0.5643,0.5807,23063753.9
1643760000000,0.5807,0.5995,0.5595,0.571,24801411.7
1643846400000,0.5712,0.6168,0.5681,0.6114,73624853.5
1643932800000,0.6113,0.6479,0.5929,0.646,37307559.9
1644019200000,0.6461,0.6743,0.6314,0.6514,21332530.5
1644105600000,0.6515,0.6657,0.6253,0.659,12651780.7
1644192000000,0.659,0.694,0.6423,0.6795,26238738.6
1644278400000,0.6796,0.7035,0.6459,0.6814,27530670.0
1644364800000,0.6814,0.7131,0.6632,0.706,23305178.3
1644451200000,0.706,0.725,0.6624,0.6768,31863887.3
1644537600000,0.6767,0.6812,0.6017,0.616,30586613.1
1644624000000,0.6159,0.6318,0.5966,0.6185,18493110.0
1644710400000,0.6186,0.6292,0.5912,0.609,18690969.8
1644796800000,0.609,0.6117,0.5742,0.5937,21867818.5
1644883200000,0.5938,0.6508,0.59,0.6411,32313579.7
1644969600000,0.6411,0.6933,0.6285,0.6765,90610782.6
1645056000000,0.6765,0.6778,0.6068,0.6205,45882338.2
1645142400000,0.6206,0.6383,0.5859,0.5945,43732656.6
1645228800000,0.5945,0.6059,0.5603,0.5937,40493480.1
1645315200000,0.5937,0.5946,0.5475,0.5705,35448414.2
1645401600000,0.5704,0.5887,0.5152,0.5181,56904175.1
1645488000000,0.5182,0.5454,0.4998,0.5425,33295622.6
1645574400000,0.5423,0.5698,0.5215,0.5268,24187220.0
1645660800000,0.5268,0.5272,0.4486,0.5092,55694288.0
1645747200000,0.5092,0.5447,0.4952,0.5387,26541922.8
1645833600000,0.5387,0.559,0.5358,0.5442,19060084.8
1645920000000,0.5442,0.5626,0.5112,0.5219,54431529.4
1646006400000,0.5218,0.5755,0.5126,0.5745,25813366.4
1646092800000,0.5743,0.5903,0.5601,0.5738,20051898.3
1646179200000,0.5738,0.6156,0.5492,0.571,61816717.2
1646265600000,0.571,0.5719,0.5223,0.5342,46040962.9
1646352000000,0.5344,0.5354,0.4856,0.4946,47754590.3
1646438400000,0.4946,0.5064,0.4787,0.5011,18196223.9
1646524800000,0.5012,0.5047,0.477,0.4787,15742683.2
1646611200000,0.4786,0.4956,0.4579,0.4715,71132525.1
1646697600000,0.4715,0.4988,0.4686,0.4975,21722191.3
1646784000000,0.4975,0.5355,0.4913,0.5242,40866156.9
1646870400000,0.5242,0.5263,0.485,0.5027,32665295.5
1646956800000,0.5026,0.5103,0.4829,0.4878,19813818.9
1647043200000,0.4875,0.5017,0.4869,0.4941,13277932.8
1647129600000,0.4941,0.5061,0.4725,0.4735,16604788.8
1647216000000,0.4734,0.4906,0.4688,0.4896,16097060.5
1647302400000,0.4896,0.494,0.4701,0.4897,21689494.3
1647388800000,0.4897,0.5158,0.4846,0.5109,26489197.9
1647475200000,0.5109,0.523,0.5023,0.5155,18701298.5
1647561600000,0.5155,0.5405,0.5049,0.5368,27128763.3
1647648000000,0.537,0.5603,0.5321,0.5471,24639675.1
1647734400000,0.5472,0.5569,0.5294,0.5499,19480452.7
1647820800000,0.5501,0.5632,0.5278,0.5495,25300293.4
1647907200000,0.5495,0.575,0.5465,0.5615,26399269.1
1647993600000,0.5615,0.591,0.5516,0.5893,23604852.0
1648080000000,0.5892,0.594,0.5658,0.5899,21137833.9
1648166400000,0.59,0.6082,0.569,0.5844,25579941.1
1648252800000,0.5845,0.6379,0.5771,0.6247,32265197.8
1648339200000,0.625,0.83,0.6222,0.7268,411909292.9
1648425600000,0.727,0.7549,0.6847,0.6961,96494547.4
1648512000000,0.6962,0.7474,0.6906,0.7292,57578948.5
1648598400000,0.7292,0.8538,0.6934,0.8193,116773301.2
1648684800000,0.8196,0.8402,0.7586,0.7808,67069421.1
